student_id,skill_id,score,is_observed
S001,SK001,66.7,True
S001,SK002,66.7,True
S001,SK003,,False
S001,SK004,,False
S001,SK005,,False
S001,SK006,,False
S001,SK007,100.0,True
S001,SK008,,False
S001,SK009,,False
S001,SK010,,False
S001,SK011,,False
S001,SK012,33.3,True
S001,SK013,66.7,True
S001,SK014,66.7,True
S001,SK015,33.3,True
S001,SK016,,False
S001,SK017,33.3,True
S001,SK018,,False
S001,SK019,66.7,True
S001,SK020,66.7,True
S001,SK021,100.0,True
S001,SK022,33.3,True
S001,SK023,66.7,True
S001,SK024,33.3,True
S001,SK025,100.0,True
S001,SK026,,False
S001,SK027,100.0,True
S001,SK028,100.0,True
S001,SK029,,False
S001,SK030,33.3,True
S001,SK031,66.7,True
S001,SK032,,False
S001,SK033,100.0,True
S001,SK034,,False
S001,SK035,100.0,True
S001,SK036,,False
S001,SK037,,False
S001,SK038,100.0,True
S001,SK039,100.0,True
S001,SK040,,False
S001,SK041,100.0,True
S001,SK042,66.7,True
S001,SK043,,False
S001,SK044,100.0,True
S001,SK045,33.3,True
S001,SK046,,False
S001,SK047,,False
S001,SK048,,False
S001,SK049,33.3,True
S001,SK050,66.7,True
S001,SK051,,False
S001,SK052,,False
S001,SK053,33.3,True
S001,SK054,33.3,True
S001,SK055,100.0,True
S001,SK056,,False
S001,SK057,,False
S001,SK058,66.7,True
S001,SK059,100.0,True
S001,SK060,0.0,True
S001,SK061,,False
S001,SK062,66.7,True
S001,SK063,33.3,True
S001,SK064,33.3,True
S001,SK065,,False
S001,SK066,100.0,True
S001,SK067,,False
S001,SK068,33.3,True
S001,SK069,,False
S001,SK070,100.0,True
S001,SK071,,False
S001,SK072,,False
S002,SK001,100.0,True
S002,SK002,,False
S002,SK003,66.7,True
S002,SK004,,False
S002,SK005,66.7,True
S002,SK006,66.7,True
S002,SK007,100.0,True
S002,SK008,,False
S002,SK009,,False
S002,SK010,,False
S002,SK011,,False
S002,SK012,66.7,True
S002,SK013,,False
S002,SK014,66.7,True
S002,SK015,100.0,True
S002,SK016,33.3,True
S002,SK017,66.7,True
S002,SK018,,False
S002,SK019,100.0,True
S002,SK020,66.7,True
S002,SK021,66.7,True
S002,SK022,,False
S002,SK023,100.0,True
S002,SK024,,False
S002,SK025,,False
S002,SK026,66.7,True
S002,SK027,66.7,True
S002,SK028,66.7,True
S002,SK029,,False
S002,SK030,66.7,True
S002,SK031,,False
S002,SK032,100.0,True
S002,SK033,100.0,True
S002,SK034,100.0,True
S002,SK035,100.0,True
S002,SK036,66.7,True
S002,SK037,,False
S002,SK038,33.3,True
S002,SK039,33.3,True
S002,SK040,,False
S002,SK041,,False
S002,SK042,100.0,True
S002,SK043,66.7,True
S002,SK044,,False
S002,SK045,,False
S002,SK046,,False
S002,SK047,,False
S002,SK048,,False
S002,SK049,66.7,True
S002,SK050,66.7,True
S002,SK051,,False
S002,SK052,33.3,True
S002,SK053,66.7,True
S002,SK054,,False
S002,SK055,33.3,True
S002,SK056,,False
S002,SK057,100.0,True
S002,SK058,100.0,True
S002,SK059,,False
S002,SK060,66.7,True
S002,SK061,,False
S002,SK062,100.0,True
S002,SK063,,False
S002,SK064,33.3,True
S002,SK065,,False
S002,SK066,33.3,True
S002,SK067,,False
S002,SK068,66.7,True
S002,SK069,66.7,True
S002,SK070,,False
S002,SK071,100.0,True
S002,SK072,66.7,True
S003,SK001,,False
S003,SK002,,False
S003,SK003,,False
S003,SK004,,False
S003,SK005,33.3,True
S003,SK006,33.3,True
S003,SK007,,False
S003,SK008,,False
S003,SK009,100.0,True
S003,SK010,66.7,True
S003,SK011,100.0,True
S003,SK012,,False
S003,SK013,,False
S003,SK014,100.0,True
S003,SK015,,False
S003,SK016,100.0,True
S003,SK017,,False
S003,SK018,,False
S003,SK019,,False
S003,SK020,100.0,True
S003,SK021,66.7,True
S003,SK022,100.0,True
S003,SK023,100.0,True
S003,SK024,,False
S003,SK025,,False
S003,SK026,33.3,True
S003,SK027,66.7,True
S003,SK028,66.7,True
S003,SK029,100.0,True
S003,SK030,,False
S003,SK031,,False
S003,SK032,66.7,True
S003,SK033,66.7,True
S003,SK034,66.7,True
S003,SK035,,False
S003,SK036,100.0,True
S003,SK037,66.7,True
S003,SK038,100.0,True
S003,SK039,66.7,True
S003,SK040,,False
S003,SK041,,False
S003,SK042,66.7,True
S003,SK043,100.0,True
S003,SK044,66.7,True
S003,SK045,100.0,True
S003,SK046,66.7,True
S003,SK047,66.7,True
S003,SK048,,False
S003,SK049,,False
S003,SK050,66.7,True
S003,SK051,0.0,True
S003,SK052,66.7,True
S003,SK053,,False
S003,SK054,,False
S003,SK055,,False
S003,SK056,,False
S003,SK057,33.3,True
S003,SK058,66.7,True
S003,SK059,,False
S003,SK060,100.0,True
S003,SK061,,False
S003,SK062,100.0,True
S003,SK063,,False
S003,SK064,100.0,True
S003,SK065,100.0,True
S003,SK066,66.7,True
S003,SK067,,False
S003,SK068,66.7,True
S003,SK069,,False
S003,SK070,,False
S003,SK071,66.7,True
S003,SK072,100.0,True
S004,SK001,66.7,True
S004,SK002,66.7,True
S004,SK003,,False
S004,SK004,100.0,True
S004,SK005,,False
S004,SK006,,False
S004,SK007,,False
S004,SK008,100.0,True
S004,SK009,100.0,True
S004,SK010,100.0,True
S004,SK011,,False
S004,SK012,100.0,True
S004,SK013,100.0,True
S004,SK014,,False
S004,SK015,66.7,True
S004,SK016,100.0,True
S004,SK017,66.7,True
S004,SK018,,False
S004,SK019,,False
S004,SK020,66.7,True
S004,SK021,,False
S004,SK022,100.0,True
S004,SK023,,False
S004,SK024,,False
S004,SK025,,False
S004,SK026,100.0,True
S004,SK027,,False
S004,SK028,66.7,True
S004,SK029,66.7,True
S004,SK030,,False
S004,SK031,33.3,True
S004,SK032,100.0,True
S004,SK033,33.3,True
S004,SK034,66.7,True
S004,SK035,66.7,True
S004,SK036,,False
S004,SK037,100.0,True
S004,SK038,,False
S004,SK039,100.0,True
S004,SK040,,False
S004,SK041,66.7,True
S004,SK042,100.0,True
S004,SK043,,False
S004,SK044,,False
S004,SK045,,False
S004,SK046,,False
S004,SK047,,False
S004,SK048,,False
S004,SK049,100.0,True
S004,SK050,100.0,True
S004,SK051,66.7,True
S004,SK052,,False
S004,SK053,100.0,True
S004,SK054,,False
S004,SK055,100.0,True
S004,SK056,,False
S004,SK057,,False
S004,SK058,33.3,True
S004,SK059,,False
S004,SK060,,False
S004,SK061,66.7,True
S004,SK062,,False
S004,SK063,,False
S004,SK064,,False
S004,SK065,100.0,True
S004,SK066,33.3,True
S004,SK067,66.7,True
S004,SK068,66.7,True
S004,SK069,,False
S004,SK070,100.0,True
S004,SK071,66.7,True
S004,SK072,66.7,True
S005,SK001,33.3,True
S005,SK002,100.0,True
S005,SK003,100.0,True
S005,SK004,,False
S005,SK005,100.0,True
S005,SK006,,False
S005,SK007,66.7,True
S005,SK008,66.7,True
S005,SK009,,False
S005,SK010,100.0,True
S005,SK011,,False
S005,SK012,66.7,True
S005,SK013,,False
S005,SK014,,False
S005,SK015,66.7,True
S005,SK016,33.3,True
S005,SK017,,False
S005,SK018,100.0,True
S005,SK019,,False
S005,SK020,100.0,True
S005,SK021,,False
S005,SK022,66.7,True
S005,SK023,,False
S005,SK024,33.3,True
S005,SK025,66.7,True
S005,SK026,,False
S005,SK027,,False
S005,SK028,66.7,True
S005,SK029,66.7,True
S005,SK030,,False
S005,SK031,100.0,True
S005,SK032,100.0,True
S005,SK033,100.0,True
S005,SK034,,False
S005,SK035,,False
S005,SK036,,False
S005,SK037,,False
S005,SK038,100.0,True
S005,SK039,33.3,True
S005,SK040,,False
S005,SK041,,False
S005,SK042,,False
S005,SK043,100.0,True
S005,SK044,,False
S005,SK045,66.7,True
S005,SK046,,False
S005,SK047,66.7,True
S005,SK048,,False
S005,SK049,100.0,True
S005,SK050,100.0,True
S005,SK051,,False
S005,SK052,,False
S005,SK053,,False
S005,SK054,66.7,True
S005,SK055,,False
S005,SK056,100.0,True
S005,SK057,,False
S005,SK058,33.3,True
S005,SK059,100.0,True
S005,SK060,100.0,True
S005,SK061,100.0,True
S005,SK062,,False
S005,SK063,100.0,True
S005,SK064,66.7,True
S005,SK065,33.3,True
S005,SK066,,False
S005,SK067,,False
S005,SK068,100.0,True
S005,SK069,,False
S005,SK070,,False
S005,SK071,100.0,True
S005,SK072,,False
S006,SK001,100.0,True
S006,SK002,,False
S006,SK003,,False
S006,SK004,100.0,True
S006,SK005,,False
S006,SK006,66.7,True
S006,SK007,,False
S006,SK008,66.7,True
S006,SK009,66.7,True
S006,SK010,100.0,True
S006,SK011,,False
S006,SK012,,False
S006,SK013,66.7,True
S006,SK014,100.0,True
S006,SK015,,False
S006,SK016,33.3,True
S006,SK017,,False
S006,SK018,,False
S006,SK019,,False
S006,SK020,33.3,True
S006,SK021,100.0,True
S006,SK022,66.7,True
S006,SK023,66.7,True
S006,SK024,66.7,True
S006,SK025,,False
S006,SK026,,False
S006,SK027,100.0,True
S006,SK028,,False
S006,SK029,33.3,True
S006,SK030,,False
S006,SK031,,False
S006,SK032,66.7,True
S006,SK033,,False
S006,SK034,100.0,True
S006,SK035,,False
S006,SK036,,False
S006,SK037,100.0,True
S006,SK038,66.7,True
S006,SK039,100.0,True
S006,SK040,,False
S006,SK041,100.0,True
S006,SK042,,False
S006,SK043,,False
S006,SK044,66.7,True
S006,SK045,100.0,True
S006,SK046,,False
S006,SK047,,False
S006,SK048,66.7,True
S006,SK049,,False
S006,SK050,,False
S006,SK051,66.7,True
S006,SK052,66.7,True
S006,SK053,100.0,True
S006,SK054,66.7,True
S006,SK055,66.7,True
S006,SK056,66.7,True
S006,SK057,,False
S006,SK058,66.7,True
S006,SK059,33.3,True
S006,SK060,33.3,True
S006,SK061,,False
S006,SK062,66.7,True
S006,SK063,,False
S006,SK064,100.0,True
S006,SK065,,False
S006,SK066,,False
S006,SK067,,False
S006,SK068,33.3,True
S006,SK069,66.7,True
S006,SK070,66.7,True
S006,SK071,100.0,True
S006,SK072,66.7,True
S007,SK001,100.0,True
S007,SK002,100.0,True
S007,SK003,66.7,True
S007,SK004,66.7,True
S007,SK005,100.0,True
S007,SK006,100.0,True
S007,SK007,,False
S007,SK008,100.0,True
S007,SK009,66.7,True
S007,SK010,100.0,True
S007,SK011,66.7,True
S007,SK012,100.0,True
S007,SK013,,False
S007,SK014,,False
S007,SK015,66.7,True
S007,SK016,100.0,True
S007,SK017,,False
S007,SK018,66.7,True
S007,SK019,33.3,True
S007,SK020,100.0,True
S007,SK021,100.0,True
S007,SK022,,False
S007,SK023,33.3,True
S007,SK024,33.3,True
S007,SK025,33.3,True
S007,SK026,100.0,True
S007,SK027,,False
S007,SK028,,False
S007,SK029,,False
S007,SK030,,False
S007,SK031,,False
S007,SK032,100.0,True
S007,SK033,66.7,True
S007,SK034,100.0,True
S007,SK035,,False
S007,SK036,100.0,True
S007,SK037,,False
S007,SK038,66.7,True
S007,SK039,100.0,True
S007,SK040,66.7,True
S007,SK041,100.0,True
S007,SK042,,False
S007,SK043,,False
S007,SK044,,False
S007,SK045,,False
S007,SK046,,False
S007,SK047,,False
S007,SK048,,False
S007,SK049,,False
S007,SK050,,False
S007,SK051,,False
S007,SK052,100.0,True
S007,SK053,,False
S007,SK054,,False
S007,SK055,66.7,True
S007,SK056,,False
S007,SK057,,False
S007,SK058,,False
S007,SK059,33.3,True
S007,SK060,66.7,True
S007,SK061,100.0,True
S007,SK062,33.3,True
S007,SK063,,False
S007,SK064,,False
S007,SK065,,False
S007,SK066,100.0,True
S007,SK067,,False
S007,SK068,100.0,True
S007,SK069,66.7,True
S007,SK070,,False
S007,SK071,66.7,True
S007,SK072,,False
S008,SK001,,False
S008,SK002,,False
S008,SK003,,False
S008,SK004,,False
S008,SK005,100.0,True
S008,SK006,,False
S008,SK007,66.7,True
S008,SK008,100.0,True
S008,SK009,,False
S008,SK010,100.0,True
S008,SK011,66.7,True
S008,SK012,,False
S008,SK013,,False
S008,SK014,,False
S008,SK015,,False
S008,SK016,66.7,True
S008,SK017,,False
S008,SK018,,False
S008,SK019,,False
S008,SK020,66.7,True
S008,SK021,,False
S008,SK022,66.7,True
S008,SK023,,False
S008,SK024,,False
S008,SK025,,False
S008,SK026,100.0,True
S008,SK027,,False
S008,SK028,66.7,True
S008,SK029,,False
S008,SK030,,False
S008,SK031,,False
S008,SK032,100.0,True
S008,SK033,66.7,True
S008,SK034,,False
S008,SK035,100.0,True
S008,SK036,66.7,True
S008,SK037,,False
S008,SK038,66.7,True
S008,SK039,66.7,True
S008,SK040,,False
S008,SK041,66.7,True
S008,SK042,66.7,True
S008,SK043,100.0,True
S008,SK044,33.3,True
S008,SK045,,False
S008,SK046,,False
S008,SK047,66.7,True
S008,SK048,66.7,True
S008,SK049,,False
S008,SK050,66.7,True
S008,SK051,100.0,True
S008,SK052,,False
S008,SK053,100.0,True
S008,SK054,,False
S008,SK055,,False
S008,SK056,66.7,True
S008,SK057,,False
S008,SK058,100.0,True
S008,SK059,66.7,True
S008,SK060,100.0,True
S008,SK061,,False
S008,SK062,66.7,True
S008,SK063,100.0,True
S008,SK064,100.0,True
S008,SK065,66.7,True
S008,SK066,,False
S008,SK067,100.0,True
S008,SK068,100.0,True
S008,SK069,100.0,True
S008,SK070,100.0,True
S008,SK071,100.0,True
S008,SK072,66.7,True
S009,SK001,100.0,True
S009,SK002,100.0,True
S009,SK003,100.0,True
S009,SK004,100.0,True
S009,SK005,66.7,True
S009,SK006,66.7,True
S009,SK007,,False
S009,SK008,66.7,True
S009,SK009,100.0,True
S009,SK010,,False
S009,SK011,100.0,True
S009,SK012,,False
S009,SK013,33.3,True
S009,SK014,66.7,True
S009,SK015,,False
S009,SK016,66.7,True
S009,SK017,66.7,True
S009,SK018,,False
S009,SK019,,False
S009,SK020,,False
S009,SK021,,False
S009,SK022,100.0,True
S009,SK023,,False
S009,SK024,,False
S009,SK025,100.0,True
S009,SK026,,False
S009,SK027,66.7,True
S009,SK028,66.7,True
S009,SK029,,False
S009,SK030,100.0,True
S009,SK031,33.3,True
S009,SK032,,False
S009,SK033,,False
S009,SK034,,False
S009,SK035,66.7,True
S009,SK036,,False
S009,SK037,,False
S009,SK038,,False
S009,SK039,33.3,True
S009,SK040,,False
S009,SK041,,False
S009,SK042,66.7,True
S009,SK043,66.7,True
S009,SK044,,False
S009,SK045,33.3,True
S009,SK046,,False
S009,SK047,100.0,True
S009,SK048,,False
S009,SK049,,False
S009,SK050,,False
S009,SK051,33.3,True
S009,SK052,66.7,True
S009,SK053,33.3,True
S009,SK054,33.3,True
S009,SK055,,False
S009,SK056,66.7,True
S009,SK057,,False
S009,SK058,33.3,True
S009,SK059,33.3,True
S009,SK060,,False
S009,SK061,,False
S009,SK062,,False
S009,SK063,66.7,True
S009,SK064,100.0,True
S009,SK065,100.0,True
S009,SK066,,False
S009,SK067,66.7,True
S009,SK068,,False
S009,SK069,,False
S009,SK070,66.7,True
S009,SK071,100.0,True
S009,SK072,66.7,True
S010,SK001,,False
S010,SK002,100.0,True
S010,SK003,100.0,True
S010,SK004,,False
S010,SK005,33.3,True
S010,SK006,33.3,True
S010,SK007,66.7,True
S010,SK008,,False
S010,SK009,,False
S010,SK010,,False
S010,SK011,100.0,True
S010,SK012,100.0,True
S010,SK013,66.7,True
S010,SK014,66.7,True
S010,SK015,,False
S010,SK016,66.7,True
S010,SK017,66.7,True
S010,SK018,100.0,True
S010,SK019,66.7,True
S010,SK020,100.0,True
S010,SK021,,False
S010,SK022,33.3,True
S010,SK023,100.0,True
S010,SK024,66.7,True
S010,SK025,,False
S010,SK026,,False
S010,SK027,,False
S010,SK028,100.0,True
S010,SK029,100.0,True
S010,SK030,66.7,True
S010,SK031,,False
S010,SK032,100.0,True
S010,SK033,,False
S010,SK034,,False
S010,SK035,,False
S010,SK036,66.7,True
S010,SK037,33.3,True
S010,SK038,66.7,True
S010,SK039,,False
S010,SK040,66.7,True
S010,SK041,,False
S010,SK042,,False
S010,SK043,100.0,True
S010,SK044,,False
S010,SK045,,False
S010,SK046,,False
S010,SK047,100.0,True
S010,SK048,,False
S010,SK049,,False
S010,SK050,100.0,True
S010,SK051,,False
S010,SK052,100.0,True
S010,SK053,,False
S010,SK054,100.0,True
S010,SK055,,False
S010,SK056,100.0,True
S010,SK057,,False
S010,SK058,,False
S010,SK059,100.0,True
S010,SK060,,False
S010,SK061,,False
S010,SK062,,False
S010,SK063,,False
S010,SK064,100.0,True
S010,SK065,66.7,True
S010,SK066,100.0,True
S010,SK067,,False
S010,SK068,,False
S010,SK069,33.3,True
S010,SK070,66.7,True
S010,SK071,,False
S010,SK072,66.7,True
S011,SK001,66.7,True
S011,SK002,33.3,True
S011,SK003,,False
S011,SK004,,False
S011,SK005,100.0,True
S011,SK006,66.7,True
S011,SK007,100.0,True
S011,SK008,33.3,True
S011,SK009,66.7,True
S011,SK010,100.0,True
S011,SK011,,False
S011,SK012,33.3,True
S011,SK013,,False
S011,SK014,,False
S011,SK015,66.7,True
S011,SK016,,False
S011,SK017,100.0,True
S011,SK018,66.7,True
S011,SK019,100.0,True
S011,SK020,,False
S011,SK021,,False
S011,SK022,,False
S011,SK023,66.7,True
S011,SK024,66.7,True
S011,SK025,,False
S011,SK026,100.0,True
S011,SK027,66.7,True
S011,SK028,,False
S011,SK029,,False
S011,SK030,,False
S011,SK031,100.0,True
S011,SK032,100.0,True
S011,SK033,100.0,True
S011,SK034,100.0,True
S011,SK035,,False
S011,SK036,100.0,True
S011,SK037,,False
S011,SK038,,False
S011,SK039,,False
S011,SK040,,False
S011,SK041,33.3,True
S011,SK042,,False
S011,SK043,,False
S011,SK044,,False
S011,SK045,,False
S011,SK046,100.0,True
S011,SK047,100.0,True
S011,SK048,,False
S011,SK049,100.0,True
S011,SK050,100.0,True
S011,SK051,,False
S011,SK052,66.7,True
S011,SK053,,False
S011,SK054,66.7,True
S011,SK055,66.7,True
S011,SK056,66.7,True
S011,SK057,100.0,True
S011,SK058,,False
S011,SK059,,False
S011,SK060,,False
S011,SK061,66.7,True
S011,SK062,33.3,True
S011,SK063,100.0,True
S011,SK064,66.7,True
S011,SK065,33.3,True
S011,SK066,,False
S011,SK067,,False
S011,SK068,,False
S011,SK069,,False
S011,SK070,,False
S011,SK071,33.3,True
S011,SK072,,False
S012,SK001,,False
S012,SK002,,False
S012,SK003,66.7,True
S012,SK004,100.0,True
S012,SK005,,False
S012,SK006,33.3,True
S012,SK007,,False
S012,SK008,,False
S012,SK009,,False
S012,SK010,,False
S012,SK011,100.0,True
S012,SK012,,False
S012,SK013,,False
S012,SK014,66.7,True
S012,SK015,100.0,True
S012,SK016,,False
S012,SK017,,False
S012,SK018,100.0,True
S012,SK019,66.7,True
S012,SK020,100.0,True
S012,SK021,66.7,True
S012,SK022,,False
S012,SK023,100.0,True
S012,SK024,,False
S012,SK025,66.7,True
S012,SK026,100.0,True
S012,SK027,66.7,True
S012,SK028,,False
S012,SK029,66.7,True
S012,SK030,100.0,True
S012,SK031,,False
S012,SK032,66.7,True
S012,SK033,66.7,True
S012,SK034,,False
S012,SK035,,False
S012,SK036,100.0,True
S012,SK037,100.0,True
S012,SK038,66.7,True
S012,SK039,,False
S012,SK040,,False
S012,SK041,100.0,True
S012,SK042,100.0,True
S012,SK043,,False
S012,SK044,0.0,True
S012,SK045,,False
S012,SK046,66.7,True
S012,SK047,100.0,True
S012,SK048,33.3,True
S012,SK049,,False
S012,SK050,,False
S012,SK051,66.7,True
S012,SK052,100.0,True
S012,SK053,,False
S012,SK054,,False
S012,SK055,,False
S012,SK056,100.0,True
S012,SK057,,False
S012,SK058,100.0,True
S012,SK059,,False
S012,SK060,100.0,True
S012,SK061,100.0,True
S012,SK062,,False
S012,SK063,,False
S012,SK064,66.7,True
S012,SK065,100.0,True
S012,SK066,,False
S012,SK067,100.0,True
S012,SK068,66.7,True
S012,SK069,0.0,True
S012,SK070,100.0,True
S012,SK071,100.0,True
S012,SK072,,False
S013,SK001,33.3,True
S013,SK002,,False
S013,SK003,,False
S013,SK004,,False
S013,SK005,,False
S013,SK006,,False
S013,SK007,33.3,True
S013,SK008,66.7,True
S013,SK009,66.7,True
S013,SK010,,False
S013,SK011,33.3,True
S013,SK012,100.0,True
S013,SK013,33.3,True
S013,SK014,0.0,True
S013,SK015,66.7,True
S013,SK016,100.0,True
S013,SK017,,False
S013,SK018,66.7,True
S013,SK019,,False
S013,SK020,,False
S013,SK021,,False
S013,SK022,33.3,True
S013,SK023,,False
S013,SK024,,False
S013,SK025,,False
S013,SK026,,False
S013,SK027,,False
S013,SK028,,False
S013,SK029,,False
S013,SK030,66.7,True
S013,SK031,66.7,True
S013,SK032,33.3,True
S013,SK033,100.0,True
S013,SK034,100.0,True
S013,SK035,66.7,True
S013,SK036,,False
S013,SK037,100.0,True
S013,SK038,100.0,True
S013,SK039,33.3,True
S013,SK040,100.0,True
S013,SK041,,False
S013,SK042,33.3,True
S013,SK043,66.7,True
S013,SK044,66.7,True
S013,SK045,66.7,True
S013,SK046,100.0,True
S013,SK047,,False
S013,SK048,33.3,True
S013,SK049,,False
S013,SK050,66.7,True
S013,SK051,66.7,True
S013,SK052,33.3,True
S013,SK053,100.0,True
S013,SK054,,False
S013,SK055,100.0,True
S013,SK056,,False
S013,SK057,,False
S013,SK058,0.0,True
S013,SK059,66.7,True
S013,SK060,,False
S013,SK061,66.7,True
S013,SK062,,False
S013,SK063,33.3,True
S013,SK064,,False
S013,SK065,,False
S013,SK066,,False
S013,SK067,33.3,True
S013,SK068,33.3,True
S013,SK069,66.7,True
S013,SK070,,False
S013,SK071,66.7,True
S013,SK072,,False
S014,SK001,66.7,True
S014,SK002,,False
S014,SK003,66.7,True
S014,SK004,100.0,True
S014,SK005,,False
S014,SK006,,False
S014,SK007,,False
S014,SK008,,False
S014,SK009,66.7,True
S014,SK010,100.0,True
S014,SK011,66.7,True
S014,SK012,,False
S014,SK013,66.7,True
S014,SK014,66.7,True
S014,SK015,66.7,True
S014,SK016,100.0,True
S014,SK017,33.3,True
S014,SK018,,False
S014,SK019,66.7,True
S014,SK020,,False
S014,SK021,,False
S014,SK022,66.7,True
S014,SK023,33.3,True
S014,SK024,100.0,True
S014,SK025,66.7,True
S014,SK026,100.0,True
S014,SK027,66.7,True
S014,SK028,,False
S014,SK029,66.7,True
S014,SK030,33.3,True
S014,SK031,66.7,True
S014,SK032,,False
S014,SK033,,False
S014,SK034,100.0,True
S014,SK035,66.7,True
S014,SK036,,False
S014,SK037,66.7,True
S014,SK038,,False
S014,SK039,,False
S014,SK040,,False
S014,SK041,66.7,True
S014,SK042,,False
S014,SK043,,False
S014,SK044,100.0,True
S014,SK045,66.7,True
S014,SK046,66.7,True
S014,SK047,100.0,True
S014,SK048,,False
S014,SK049,,False
S014,SK050,,False
S014,SK051,66.7,True
S014,SK052,100.0,True
S014,SK053,,False
S014,SK054,66.7,True
S014,SK055,100.0,True
S014,SK056,,False
S014,SK057,,False
S014,SK058,66.7,True
S014,SK059,66.7,True
S014,SK060,,False
S014,SK061,100.0,True
S014,SK062,,False
S014,SK063,100.0,True
S014,SK064,,False
S014,SK065,66.7,True
S014,SK066,100.0,True
S014,SK067,,False
S014,SK068,,False
S014,SK069,,False
S014,SK070,66.7,True
S014,SK071,33.3,True
S014,SK072,66.7,True
S015,SK001,66.7,True
S015,SK002,66.7,True
S015,SK003,66.7,True
S015,SK004,,False
S015,SK005,66.7,True
S015,SK006,100.0,True
S015,SK007,,False
S015,SK008,,False
S015,SK009,,False
S015,SK010,0.0,True
S015,SK011,66.7,True
S015,SK012,100.0,True
S015,SK013,,False
S015,SK014,,False
S015,SK015,,False
S015,SK016,100.0,True
S015,SK017,33.3,True
S015,SK018,66.7,True
S015,SK019,,False
S015,SK020,,False
S015,SK021,66.7,True
S015,SK022,66.7,True
S015,SK023,66.7,True
S015,SK024,100.0,True
S015,SK025,33.3,True
S015,SK026,,False
S015,SK027,,False
S015,SK028,,False
S015,SK029,66.7,True
S015,SK030,66.7,True
S015,SK031,,False
S015,SK032,,False
S015,SK033,66.7,True
S015,SK034,,False
S015,SK035,100.0,True
S015,SK036,,False
S015,SK037,,False
S015,SK038,66.7,True
S015,SK039,,False
S015,SK040,100.0,True
S015,SK041,66.7,True
S015,SK042,100.0,True
S015,SK043,,False
S015,SK044,,False
S015,SK045,66.7,True
S015,SK046,100.0,True
S015,SK047,66.7,True
S015,SK048,,False
S015,SK049,66.7,True
S015,SK050,,False
S015,SK051,66.7,True
S015,SK052,66.7,True
S015,SK053,,False
S015,SK054,66.7,True
S015,SK055,66.7,True
S015,SK056,66.7,True
S015,SK057,,False
S015,SK058,,False
S015,SK059,,False
S015,SK060,66.7,True
S015,SK061,100.0,True
S015,SK062,66.7,True
S015,SK063,,False
S015,SK064,,False
S015,SK065,100.0,True
S015,SK066,,False
S015,SK067,,False
S015,SK068,,False
S015,SK069,,False
S015,SK070,66.7,True
S015,SK071,,False
S015,SK072,33.3,True
S016,SK001,,False
S016,SK002,66.7,True
S016,SK003,,False
S016,SK004,33.3,True
S016,SK005,,False
S016,SK006,66.7,True
S016,SK007,,False
S016,SK008,66.7,True
S016,SK009,,False
S016,SK010,100.0,True
S016,SK011,100.0,True
S016,SK012,66.7,True
S016,SK013,66.7,True
S016,SK014,66.7,True
S016,SK015,,False
S016,SK016,,False
S016,SK017,66.7,True
S016,SK018,66.7,True
S016,SK019,66.7,True
S016,SK020,,False
S016,SK021,,False
S016,SK022,33.3,True
S016,SK023,,False
S016,SK024,33.3,True
S016,SK025,33.3,True
S016,SK026,33.3,True
S016,SK027,66.7,True
S016,SK028,,False
S016,SK029,66.7,True
S016,SK030,66.7,True
S016,SK031,66.7,True
S016,SK032,,False
S016,SK033,,False
S016,SK034,66.7,True
S016,SK035,66.7,True
S016,SK036,,False
S016,SK037,33.3,True
S016,SK038,,False
S016,SK039,33.3,True
S016,SK040,,False
S016,SK041,66.7,True
S016,SK042,66.7,True
S016,SK043,,False
S016,SK044,66.7,True
S016,SK045,,False
S016,SK046,,False
S016,SK047,,False
S016,SK048,,False
S016,SK049,33.3,True
S016,SK050,,False
S016,SK051,33.3,True
S016,SK052,66.7,True
S016,SK053,,False
S016,SK054,,False
S016,SK055,,False
S016,SK056,,False
S016,SK057,33.3,True
S016,SK058,100.0,True
S016,SK059,66.7,True
S016,SK060,,False
S016,SK061,,False
S016,SK062,66.7,True
S016,SK063,66.7,True
S016,SK064,100.0,True
S016,SK065,,False
S016,SK066,33.3,True
S016,SK067,,False
S016,SK068,,False
S016,SK069,,False
S016,SK070,,False
S016,SK071,0.0,True
S016,SK072,,False
S017,SK001,100.0,True
S017,SK002,100.0,True
S017,SK003,,False
S017,SK004,,False
S017,SK005,66.7,True
S017,SK006,33.3,True
S017,SK007,,False
S017,SK008,66.7,True
S017,SK009,66.7,True
S017,SK010,100.0,True
S017,SK011,,False
S017,SK012,100.0,True
S017,SK013,100.0,True
S017,SK014,,False
S017,SK015,100.0,True
S017,SK016,66.7,True
S017,SK017,66.7,True
S017,SK018,100.0,True
S017,SK019,66.7,True
S017,SK020,33.3,True
S017,SK021,100.0,True
S017,SK022,,False
S017,SK023,,False
S017,SK024,,False
S017,SK025,66.7,True
S017,SK026,,False
S017,SK027,100.0,True
S017,SK028,100.0,True
S017,SK029,,False
S017,SK030,100.0,True
S017,SK031,66.7,True
S017,SK032,,False
S017,SK033,,False
S017,SK034,,False
S017,SK035,66.7,True
S017,SK036,,False
S017,SK037,100.0,True
S017,SK038,,False
S017,SK039,,False
S017,SK040,66.7,True
S017,SK041,100.0,True
S017,SK042,66.7,True
S017,SK043,66.7,True
S017,SK044,100.0,True
S017,SK045,,False
S017,SK046,100.0,True
S017,SK047,100.0,True
S017,SK048,33.3,True
S017,SK049,,False
S017,SK050,,False
S017,SK051,,False
S017,SK052,,False
S017,SK053,,False
S017,SK054,100.0,True
S017,SK055,66.7,True
S017,SK056,100.0,True
S017,SK057,,False
S017,SK058,,False
S017,SK059,,False
S017,SK060,,False
S017,SK061,,False
S017,SK062,,False
S017,SK063,,False
S017,SK064,,False
S017,SK065,66.7,True
S017,SK066,,False
S017,SK067,100.0,True
S017,SK068,0.0,True
S017,SK069,100.0,True
S017,SK070,,False
S017,SK071,,False
S017,SK072,100.0,True
S018,SK001,,False
S018,SK002,66.7,True
S018,SK003,100.0,True
S018,SK004,100.0,True
S018,SK005,100.0,True
S018,SK006,66.7,True
S018,SK007,100.0,True
S018,SK008,33.3,True
S018,SK009,100.0,True
S018,SK010,100.0,True
S018,SK011,66.7,True
S018,SK012,66.7,True
S018,SK013,66.7,True
S018,SK014,33.3,True
S018,SK015,100.0,True
S018,SK016,,False
S018,SK017,,False
S018,SK018,,False
S018,SK019,66.7,True
S018,SK020,66.7,True
S018,SK021,,False
S018,SK022,,False
S018,SK023,,False
S018,SK024,100.0,True
S018,SK025,,False
S018,SK026,0.0,True
S018,SK027,,False
S018,SK028,,False
S018,SK029,33.3,True
S018,SK030,,False
S018,SK031,66.7,True
S018,SK032,,False
S018,SK033,,False
S018,SK034,,False
S018,SK035,100.0,True
S018,SK036,,False
S018,SK037,66.7,True
S018,SK038,,False
S018,SK039,100.0,True
S018,SK040,,False
S018,SK041,33.3,True
S018,SK042,,False
S018,SK043,,False
S018,SK044,,False
S018,SK045,100.0,True
S018,SK046,66.7,True
S018,SK047,100.0,True
S018,SK048,,False
S018,SK049,,False
S018,SK050,,False
S018,SK051,100.0,True
S018,SK052,66.7,True
S018,SK053,33.3,True
S018,SK054,,False
S018,SK055,33.3,True
S018,SK056,100.0,True
S018,SK057,,False
S018,SK058,,False
S018,SK059,66.7,True
S018,SK060,,False
S018,SK061,,False
S018,SK062,100.0,True
S018,SK063,100.0,True
S018,SK064,,False
S018,SK065,100.0,True
S018,SK066,66.7,True
S018,SK067,33.3,True
S018,SK068,33.3,True
S018,SK069,,False
S018,SK070,,False
S018,SK071,,False
S018,SK072,,False
S019,SK001,,False
S019,SK002,,False
S019,SK003,,False
S019,SK004,,False
S019,SK005,33.3,True
S019,SK006,100.0,True
S019,SK007,,False
S019,SK008,,False
S019,SK009,,False
S019,SK010,,False
S019,SK011,100.0,True
S019,SK012,,False
S019,SK013,33.3,True
S019,SK014,33.3,True
S019,SK015,66.7,True
S019,SK016,66.7,True
S019,SK017,66.7,True
S019,SK018,66.7,True
S019,SK019,66.7,True
S019,SK020,100.0,True
S019,SK021,33.3,True
S019,SK022,,False
S019,SK023,100.0,True
S019,SK024,66.7,True
S019,SK025,,False
S019,SK026,,False
S019,SK027,100.0,True
S019,SK028,100.0,True
S019,SK029,33.3,True
S019,SK030,100.0,True
S019,SK031,,False
S019,SK032,66.7,True
S019,SK033,100.0,True
S019,SK034,66.7,True
S019,SK035,100.0,True
S019,SK036,66.7,True
S019,SK037,100.0,True
S019,SK038,66.7,True
S019,SK039,,False
S019,SK040,,False
S019,SK041,33.3,True
S019,SK042,,False
S019,SK043,100.0,True
S019,SK044,66.7,True
S019,SK045,,False
S019,SK046,33.3,True
S019,SK047,,False
S019,SK048,100.0,True
S019,SK049,,False
S019,SK050,,False
S019,SK051,66.7,True
S019,SK052,,False
S019,SK053,100.0,True
S019,SK054,66.7,True
S019,SK055,100.0,True
S019,SK056,100.0,True
S019,SK057,,False
S019,SK058,100.0,True
S019,SK059,,False
S019,SK060,100.0,True
S019,SK061,,False
S019,SK062,,False
S019,SK063,,False
S019,SK064,,False
S019,SK065,100.0,True
S019,SK066,,False
S019,SK067,66.7,True
S019,SK068,,False
S019,SK069,66.7,True
S019,SK070,,False
S019,SK071,100.0,True
S019,SK072,,False
S020,SK001,100.0,True
S020,SK002,,False
S020,SK003,0.0,True
S020,SK004,,False
S020,SK005,66.7,True
S020,SK006,,False
S020,SK007,66.7,True
S020,SK008,66.7,True
S020,SK009,,False
S020,SK010,,False
S020,SK011,,False
S020,SK012,66.7,True
S020,SK013,66.7,True
S020,SK014,,False
S020,SK015,,False
S020,SK016,0.0,True
S020,SK017,,False
S020,SK018,,False
S020,SK019,,False
S020,SK020,33.3,True
S020,SK021,0.0,True
S020,SK022,,False
S020,SK023,,False
S020,SK024,,False
S020,SK025,66.7,True
S020,SK026,66.7,True
S020,SK027,,False
S020,SK028,33.3,True
S020,SK029,100.0,True
S020,SK030,,False
S020,SK031,33.3,True
S020,SK032,,False
S020,SK033,,False
S020,SK034,66.7,True
S020,SK035,66.7,True
S020,SK036,100.0,True
S020,SK037,100.0,True
S020,SK038,66.7,True
S020,SK039,100.0,True
S020,SK040,33.3,True
S020,SK041,,False
S020,SK042,,False
S020,SK043,,False
S020,SK044,,False
S020,SK045,66.7,True
S020,SK046,33.3,True
S020,SK047,,False
S020,SK048,,False
S020,SK049,100.0,True
S020,SK050,66.7,True
S020,SK051,66.7,True
S020,SK052,66.7,True
S020,SK053,,False
S020,SK054,100.0,True
S020,SK055,66.7,True
S020,SK056,,False
S020,SK057,100.0,True
S020,SK058,66.7,True
S020,SK059,,False
S020,SK060,,False
S020,SK061,66.7,True
S020,SK062,66.7,True
S020,SK063,33.3,True
S020,SK064,,False
S020,SK065,0.0,True
S020,SK066,,False
S020,SK067,33.3,True
S020,SK068,33.3,True
S020,SK069,,False
S020,SK070,33.3,True
S020,SK071,33.3,True
S020,SK072,,False
S021,SK001,,False
S021,SK002,100.0,True
S021,SK003,66.7,True
S021,SK004,,False
S021,SK005,66.7,True
S021,SK006,0.0,True
S021,SK007,,False
S021,SK008,,False
S021,SK009,66.7,True
S021,SK010,,False
S021,SK011,66.7,True
S021,SK012,33.3,True
S021,SK013,,False
S021,SK014,100.0,True
S021,SK015,0.0,True
S021,SK016,33.3,True
S021,SK017,66.7,True
S021,SK018,,False
S021,SK019,100.0,True
S021,SK020,66.7,True
S021,SK021,66.7,True
S021,SK022,66.7,True
S021,SK023,100.0,True
S021,SK024,66.7,True
S021,SK025,33.3,True
S021,SK026,100.0,True
S021,SK027,,False
S021,SK028,,False
S021,SK029,33.3,True
S021,SK030,66.7,True
S021,SK031,,False
S021,SK032,,False
S021,SK033,,False
S021,SK034,,False
S021,SK035,66.7,True
S021,SK036,66.7,True
S021,SK037,100.0,True
S021,SK038,100.0,True
S021,SK039,66.7,True
S021,SK040,66.7,True
S021,SK041,66.7,True
S021,SK042,,False
S021,SK043,,False
S021,SK044,66.7,True
S021,SK045,,False
S021,SK046,,False
S021,SK047,33.3,True
S021,SK048,66.7,True
S021,SK049,,False
S021,SK050,66.7,True
S021,SK051,,False
S021,SK052,,False
S021,SK053,,False
S021,SK054,66.7,True
S021,SK055,66.7,True
S021,SK056,66.7,True
S021,SK057,,False
S021,SK058,100.0,True
S021,SK059,,False
S021,SK060,,False
S021,SK061,100.0,True
S021,SK062,33.3,True
S021,SK063,33.3,True
S021,SK064,,False
S021,SK065,,False
S021,SK066,,False
S021,SK067,100.0,True
S021,SK068,,False
S021,SK069,66.7,True
S021,SK070,,False
S021,SK071,,False
S021,SK072,,False
S022,SK001,,False
S022,SK002,,False
S022,SK003,,False
S022,SK004,66.7,True
S022,SK005,,False
S022,SK006,100.0,True
S022,SK007,33.3,True
S022,SK008,100.0,True
S022,SK009,100.0,True
S022,SK010,,False
S022,SK011,66.7,True
S022,SK012,,False
S022,SK013,,False
S022,SK014,,False
S022,SK015,33.3,True
S022,SK016,,False
S022,SK017,,False
S022,SK018,100.0,True
S022,SK019,,False
S022,SK020,100.0,True
S022,SK021,,False
S022,SK022,,False
S022,SK023,,False
S022,SK024,33.3,True
S022,SK025,,False
S022,SK026,100.0,True
S022,SK027,,False
S022,SK028,100.0,True
S022,SK029,100.0,True
S022,SK030,100.0,True
S022,SK031,,False
S022,SK032,33.3,True
S022,SK033,100.0,True
S022,SK034,66.7,True
S022,SK035,66.7,True
S022,SK036,,False
S022,SK037,,False
S022,SK038,100.0,True
S022,SK039,66.7,True
S022,SK040,100.0,True
S022,SK041,,False
S022,SK042,,False
S022,SK043,,False
S022,SK044,66.7,True
S022,SK045,,False
S022,SK046,,False
S022,SK047,33.3,True
S022,SK048,100.0,True
S022,SK049,66.7,True
S022,SK050,33.3,True
S022,SK051,100.0,True
S022,SK052,100.0,True
S022,SK053,100.0,True
S022,SK054,,False
S022,SK055,,False
S022,SK056,66.7,True
S022,SK057,100.0,True
S022,SK058,66.7,True
S022,SK059,,False
S022,SK060,66.7,True
S022,SK061,100.0,True
S022,SK062,,False
S022,SK063,,False
S022,SK064,,False
S022,SK065,100.0,True
S022,SK066,,False
S022,SK067,,False
S022,SK068,,False
S022,SK069,66.7,True
S022,SK070,100.0,True
S022,SK071,100.0,True
S022,SK072,66.7,True
S023,SK001,,False
S023,SK002,,False
S023,SK003,66.7,True
S023,SK004,,False
S023,SK005,,False
S023,SK006,33.3,True
S023,SK007,100.0,True
S023,SK008,100.0,True
S023,SK009,66.7,True
S023,SK010,66.7,True
S023,SK011,,False
S023,SK012,33.3,True
S023,SK013,,False
S023,SK014,,False
S023,SK015,100.0,True
S023,SK016,,False
S023,SK017,,False
S023,SK018,,False
S023,SK019,,False
S023,SK020,,False
S023,SK021,33.3,True
S023,SK022,,False
S023,SK023,33.3,True
S023,SK024,100.0,True
S023,SK025,66.7,True
S023,SK026,66.7,True
S023,SK027,,False
S023,SK028,,False
S023,SK029,66.7,True
S023,SK030,33.3,True
S023,SK031,,False
S023,SK032,,False
S023,SK033,33.3,True
S023,SK034,,False
S023,SK035,66.7,True
S023,SK036,,False
S023,SK037,66.7,True
S023,SK038,33.3,True
S023,SK039,33.3,True
S023,SK040,,False
S023,SK041,0.0,True
S023,SK042,66.7,True
S023,SK043,,False
S023,SK044,,False
S023,SK045,33.3,True
S023,SK046,,False
S023,SK047,100.0,True
S023,SK048,,False
S023,SK049,,False
S023,SK050,,False
S023,SK051,,False
S023,SK052,66.7,True
S023,SK053,,False
S023,SK054,33.3,True
S023,SK055,66.7,True
S023,SK056,,False
S023,SK057,66.7,True
S023,SK058,,False
S023,SK059,,False
S023,SK060,100.0,True
S023,SK061,0.0,True
S023,SK062,100.0,True
S023,SK063,66.7,True
S023,SK064,100.0,True
S023,SK065,33.3,True
S023,SK066,,False
S023,SK067,66.7,True
S023,SK068,66.7,True
S023,SK069,66.7,True
S023,SK070,33.3,True
S023,SK071,,False
S023,SK072,100.0,True
S024,SK001,0.0,True
S024,SK002,66.7,True
S024,SK003,33.3,True
S024,SK004,,False
S024,SK005,,False
S024,SK006,,False
S024,SK007,,False
S024,SK008,100.0,True
S024,SK009,100.0,True
S024,SK010,,False
S024,SK011,,False
S024,SK012,66.7,True
S024,SK013,,False
S024,SK014,100.0,True
S024,SK015,,False
S024,SK016,,False
S024,SK017,,False
S024,SK018,,False
S024,SK019,,False
S024,SK020,66.7,True
S024,SK021,100.0,True
S024,SK022,100.0,True
S024,SK023,66.7,True
S024,SK024,100.0,True
S024,SK025,66.7,True
S024,SK026,66.7,True
S024,SK027,66.7,True
S024,SK028,,False
S024,SK029,66.7,True
S024,SK030,,False
S024,SK031,,False
S024,SK032,,False
S024,SK033,,False
S024,SK034,,False
S024,SK035,100.0,True
S024,SK036,,False
S024,SK037,66.7,True
S024,SK038,100.0,True
S024,SK039,,False
S024,SK040,33.3,True
S024,SK041,100.0,True
S024,SK042,33.3,True
S024,SK043,0.0,True
S024,SK044,,False
S024,SK045,100.0,True
S024,SK046,,False
S024,SK047,66.7,True
S024,SK048,100.0,True
S024,SK049,66.7,True
S024,SK050,100.0,True
S024,SK051,66.7,True
S024,SK052,66.7,True
S024,SK053,66.7,True
S024,SK054,66.7,True
S024,SK055,,False
S024,SK056,,False
S024,SK057,,False
S024,SK058,,False
S024,SK059,66.7,True
S024,SK060,,False
S024,SK061,100.0,True
S024,SK062,,False
S024,SK063,66.7,True
S024,SK064,66.7,True
S024,SK065,66.7,True
S024,SK066,66.7,True
S024,SK067,66.7,True
S024,SK068,66.7,True
S024,SK069,100.0,True
S024,SK070,,False
S024,SK071,,False
S024,SK072,66.7,True
S025,SK001,,False
S025,SK002,,False
S025,SK003,,False
S025,SK004,100.0,True
S025,SK005,,False
S025,SK006,33.3,True
S025,SK007,33.3,True
S025,SK008,66.7,True
S025,SK009,,False
S025,SK010,,False
S025,SK011,,False
S025,SK012,66.7,True
S025,SK013,33.3,True
S025,SK014,66.7,True
S025,SK015,100.0,True
S025,SK016,,False
S025,SK017,33.3,True
S025,SK018,66.7,True
S025,SK019,66.7,True
S025,SK020,100.0,True
S025,SK021,,False
S025,SK022,,False
S025,SK023,,False
S025,SK024,66.7,True
S025,SK025,66.7,True
S025,SK026,100.0,True
S025,SK027,100.0,True
S025,SK028,33.3,True
S025,SK029,100.0,True
S025,SK030,66.7,True
S025,SK031,66.7,True
S025,SK032,,False
S025,SK033,66.7,True
S025,SK034,66.7,True
S025,SK035,66.7,True
S025,SK036,,False
S025,SK037,66.7,True
S025,SK038,,False
S025,SK039,,False
S025,SK040,,False
S025,SK041,,False
S025,SK042,33.3,True
S025,SK043,66.7,True
S025,SK044,,False
S025,SK045,66.7,True
S025,SK046,0.0,True
S025,SK047,,False
S025,SK048,100.0,True
S025,SK049,,False
S025,SK050,33.3,True
S025,SK051,100.0,True
S025,SK052,,False
S025,SK053,,False
S025,SK054,,False
S025,SK055,66.7,True
S025,SK056,,False
S025,SK057,100.0,True
S025,SK058,,False
S025,SK059,100.0,True
S025,SK060,,False
S025,SK061,100.0,True
S025,SK062,,False
S025,SK063,66.7,True
S025,SK064,,False
S025,SK065,66.7,True
S025,SK066,,False
S025,SK067,,False
S025,SK068,0.0,True
S025,SK069,66.7,True
S025,SK070,,False
S025,SK071,66.7,True
S025,SK072,66.7,True
S026,SK001,66.7,True
S026,SK002,,False
S026,SK003,,False
S026,SK004,66.7,True
S026,SK005,,False
S026,SK006,100.0,True
S026,SK007,,False
S026,SK008,33.3,True
S026,SK009,66.7,True
S026,SK010,,False
S026,SK011,0.0,True
S026,SK012,0.0,True
S026,SK013,33.3,True
S026,SK014,,False
S026,SK015,,False
S026,SK016,,False
S026,SK017,100.0,True
S026,SK018,,False
S026,SK019,66.7,True
S026,SK020,66.7,True
S026,SK021,100.0,True
S026,SK022,33.3,True
S026,SK023,,False
S026,SK024,100.0,True
S026,SK025,,False
S026,SK026,,False
S026,SK027,66.7,True
S026,SK028,100.0,True
S026,SK029,,False
S026,SK030,,False
S026,SK031,,False
S026,SK032,,False
S026,SK033,66.7,True
S026,SK034,,False
S026,SK035,,False
S026,SK036,,False
S026,SK037,100.0,True
S026,SK038,66.7,True
S026,SK039,100.0,True
S026,SK040,,False
S026,SK041,,False
S026,SK042,66.7,True
S026,SK043,66.7,True
S026,SK044,66.7,True
S026,SK045,,False
S026,SK046,33.3,True
S026,SK047,100.0,True
S026,SK048,,False
S026,SK049,33.3,True
S026,SK050,,False
S026,SK051,100.0,True
S026,SK052,66.7,True
S026,SK053,66.7,True
S026,SK054,,False
S026,SK055,100.0,True
S026,SK056,,False
S026,SK057,,False
S026,SK058,66.7,True
S026,SK059,,False
S026,SK060,66.7,True
S026,SK061,100.0,True
S026,SK062,66.7,True
S026,SK063,100.0,True
S026,SK064,,False
S026,SK065,66.7,True
S026,SK066,,False
S026,SK067,100.0,True
S026,SK068,,False
S026,SK069,66.7,True
S026,SK070,,False
S026,SK071,66.7,True
S026,SK072,66.7,True
S027,SK001,100.0,True
S027,SK002,,False
S027,SK003,66.7,True
S027,SK004,,False
S027,SK005,,False
S027,SK006,,False
S027,SK007,100.0,True
S027,SK008,66.7,True
S027,SK009,,False
S027,SK010,66.7,True
S027,SK011,100.0,True
S027,SK012,100.0,True
S027,SK013,33.3,True
S027,SK014,100.0,True
S027,SK015,,False
S027,SK016,,False
S027,SK017,,False
S027,SK018,33.3,True
S027,SK019,100.0,True
S027,SK020,100.0,True
S027,SK021,,False
S027,SK022,100.0,True
S027,SK023,,False
S027,SK024,,False
S027,SK025,,False
S027,SK026,,False
S027,SK027,,False
S027,SK028,,False
S027,SK029,100.0,True
S027,SK030,66.7,True
S027,SK031,66.7,True
S027,SK032,,False
S027,SK033,66.7,True
S027,SK034,100.0,True
S027,SK035,100.0,True
S027,SK036,66.7,True
S027,SK037,33.3,True
S027,SK038,100.0,True
S027,SK039,66.7,True
S027,SK040,,False
S027,SK041,,False
S027,SK042,100.0,True
S027,SK043,,False
S027,SK044,,False
S027,SK045,100.0,True
S027,SK046,66.7,True
S027,SK047,,False
S027,SK048,,False
S027,SK049,,False
S027,SK050,66.7,True
S027,SK051,,False
S027,SK052,,False
S027,SK053,,False
S027,SK054,33.3,True
S027,SK055,100.0,True
S027,SK056,100.0,True
S027,SK057,66.7,True
S027,SK058,,False
S027,SK059,100.0,True
S027,SK060,66.7,True
S027,SK061,66.7,True
S027,SK062,66.7,True
S027,SK063,,False
S027,SK064,,False
S027,SK065,66.7,True
S027,SK066,66.7,True
S027,SK067,,False
S027,SK068,,False
S027,SK069,100.0,True
S027,SK070,66.7,True
S027,SK071,,False
S027,SK072,33.3,True
S028,SK001,,False
S028,SK002,66.7,True
S028,SK003,66.7,True
S028,SK004,,False
S028,SK005,,False
S028,SK006,33.3,True
S028,SK007,100.0,True
S028,SK008,100.0,True
S028,SK009,66.7,True
S028,SK010,66.7,True
S028,SK011,100.0,True
S028,SK012,33.3,True
S028,SK013,66.7,True
S028,SK014,66.7,True
S028,SK015,100.0,True
S028,SK016,,False
S028,SK017,66.7,True
S028,SK018,100.0,True
S028,SK019,,False
S028,SK020,,False
S028,SK021,,False
S028,SK022,,False
S028,SK023,100.0,True
S028,SK024,66.7,True
S028,SK025,66.7,True
S028,SK026,100.0,True
S028,SK027,,False
S028,SK028,,False
S028,SK029,100.0,True
S028,SK030,100.0,True
S028,SK031,66.7,True
S028,SK032,,False
S028,SK033,66.7,True
S028,SK034,,False
S028,SK035,,False
S028,SK036,,False
S028,SK037,33.3,True
S028,SK038,,False
S028,SK039,,False
S028,SK040,100.0,True
S028,SK041,,False
S028,SK042,,False
S028,SK043,,False
S028,SK044,,False
S028,SK045,33.3,True
S028,SK046,,False
S028,SK047,,False
S028,SK048,,False
S028,SK049,,False
S028,SK050,,False
S028,SK051,100.0,True
S028,SK052,0.0,True
S028,SK053,66.7,True
S028,SK054,100.0,True
S028,SK055,66.7,True
S028,SK056,66.7,True
S028,SK057,,False
S028,SK058,,False
S028,SK059,100.0,True
S028,SK060,,False
S028,SK061,66.7,True
S028,SK062,100.0,True
S028,SK063,,False
S028,SK064,,False
S028,SK065,,False
S028,SK066,33.3,True
S028,SK067,,False
S028,SK068,66.7,True
S028,SK069,,False
S028,SK070,,False
S028,SK071,66.7,True
S028,SK072,66.7,True
S029,SK001,33.3,True
S029,SK002,,False
S029,SK003,,False
S029,SK004,,False
S029,SK005,100.0,True
S029,SK006,,False
S029,SK007,,False
S029,SK008,,False
S029,SK009,,False
S029,SK010,66.7,True
S029,SK011,66.7,True
S029,SK012,100.0,True
S029,SK013,100.0,True
S029,SK014,66.7,True
S029,SK015,,False
S029,SK016,66.7,True
S029,SK017,100.0,True
S029,SK018,,False
S029,SK019,,False
S029,SK020,66.7,True
S029,SK021,,False
S029,SK022,66.7,True
S029,SK023,33.3,True
S029,SK024,33.3,True
S029,SK025,,False
S029,SK026,,False
S029,SK027,66.7,True
S029,SK028,66.7,True
S029,SK029,,False
S029,SK030,66.7,True
S029,SK031,,False
S029,SK032,33.3,True
S029,SK033,,False
S029,SK034,,False
S029,SK035,,False
S029,SK036,,False
S029,SK037,,False
S029,SK038,,False
S029,SK039,,False
S029,SK040,66.7,True
S029,SK041,66.7,True
S029,SK042,33.3,True
S029,SK043,,False
S029,SK044,66.7,True
S029,SK045,100.0,True
S029,SK046,,False
S029,SK047,,False
S029,SK048,,False
S029,SK049,66.7,True
S029,SK050,66.7,True
S029,SK051,,False
S029,SK052,66.7,True
S029,SK053,,False
S029,SK054,,False
S029,SK055,,False
S029,SK056,66.7,True
S029,SK057,33.3,True
S029,SK058,66.7,True
S029,SK059,66.7,True
S029,SK060,,False
S029,SK061,,False
S029,SK062,100.0,True
S029,SK063,,False
S029,SK064,66.7,True
S029,SK065,100.0,True
S029,SK066,33.3,True
S029,SK067,66.7,True
S029,SK068,,False
S029,SK069,33.3,True
S029,SK070,0.0,True
S029,SK071,66.7,True
S029,SK072,66.7,True
S030,SK001,66.7,True
S030,SK002,100.0,True
S030,SK003,66.7,True
S030,SK004,,False
S030,SK005,,False
S030,SK006,,False
S030,SK007,,False
S030,SK008,66.7,True
S030,SK009,,False
S030,SK010,,False
S030,SK011,,False
S030,SK012,66.7,True
S030,SK013,,False
S030,SK014,66.7,True
S030,SK015,66.7,True
S030,SK016,,False
S030,SK017,,False
S030,SK018,66.7,True
S030,SK019,100.0,True
S030,SK020,100.0,True
S030,SK021,66.7,True
S030,SK022,,False
S030,SK023,,False
S030,SK024,66.7,True
S030,SK025,100.0,True
S030,SK026,,False
S030,SK027,,False
S030,SK028,66.7,True
S030,SK029,,False
S030,SK030,,False
S030,SK031,66.7,True
S030,SK032,66.7,True
S030,SK033,,False
S030,SK034,,False
S030,SK035,33.3,True
S030,SK036,66.7,True
S030,SK037,66.7,True
S030,SK038,,False
S030,SK039,66.7,True
S030,SK040,,False
S030,SK041,33.3,True
S030,SK042,33.3,True
S030,SK043,66.7,True
S030,SK044,,False
S030,SK045,,False
S030,SK046,100.0,True
S030,SK047,,False
S030,SK048,,False
S030,SK049,66.7,True
S030,SK050,100.0,True
S030,SK051,100.0,True
S030,SK052,66.7,True
S030,SK053,100.0,True
S030,SK054,100.0,True
S030,SK055,66.7,True
S030,SK056,66.7,True
S030,SK057,100.0,True
S030,SK058,100.0,True
S030,SK059,,False
S030,SK060,,False
S030,SK061,100.0,True
S030,SK062,66.7,True
S030,SK063,,False
S030,SK064,66.7,True
S030,SK065,100.0,True
S030,SK066,33.3,True
S030,SK067,,False
S030,SK068,,False
S030,SK069,100.0,True
S030,SK070,100.0,True
S030,SK071,,False
S030,SK072,100.0,True
S031,SK001,,False
S031,SK002,66.7,True
S031,SK003,100.0,True
S031,SK004,100.0,True
S031,SK005,33.3,True
S031,SK006,,False
S031,SK007,100.0,True
S031,SK008,100.0,True
S031,SK009,,False
S031,SK010,,False
S031,SK011,,False
S031,SK012,66.7,True
S031,SK013,,False
S031,SK014,,False
S031,SK015,66.7,True
S031,SK016,,False
S031,SK017,,False
S031,SK018,66.7,True
S031,SK019,,False
S031,SK020,,False
S031,SK021,,False
S031,SK022,,False
S031,SK023,66.7,True
S031,SK024,,False
S031,SK025,66.7,True
S031,SK026,66.7,True
S031,SK027,33.3,True
S031,SK028,,False
S031,SK029,66.7,True
S031,SK030,66.7,True
S031,SK031,,False
S031,SK032,66.7,True
S031,SK033,,False
S031,SK034,,False
S031,SK035,100.0,True
S031,SK036,,False
S031,SK037,100.0,True
S031,SK038,100.0,True
S031,SK039,,False
S031,SK040,100.0,True
S031,SK041,100.0,True
S031,SK042,66.7,True
S031,SK043,100.0,True
S031,SK044,100.0,True
S031,SK045,66.7,True
S031,SK046,66.7,True
S031,SK047,,False
S031,SK048,,False
S031,SK049,,False
S031,SK050,100.0,True
S031,SK051,100.0,True
S031,SK052,100.0,True
S031,SK053,66.7,True
S031,SK054,,False
S031,SK055,,False
S031,SK056,,False
S031,SK057,,False
S031,SK058,100.0,True
S031,SK059,,False
S031,SK060,,False
S031,SK061,100.0,True
S031,SK062,,False
S031,SK063,,False
S031,SK064,,False
S031,SK065,66.7,True
S031,SK066,100.0,True
S031,SK067,,False
S031,SK068,66.7,True
S031,SK069,100.0,True
S031,SK070,100.0,True
S031,SK071,66.7,True
S031,SK072,33.3,True
S032,SK001,,False
S032,SK002,,False
S032,SK003,66.7,True
S032,SK004,100.0,True
S032,SK005,66.7,True
S032,SK006,100.0,True
S032,SK007,,False
S032,SK008,,False
S032,SK009,,False
S032,SK010,,False
S032,SK011,,False
S032,SK012,33.3,True
S032,SK013,100.0,True
S032,SK014,33.3,True
S032,SK015,,False
S032,SK016,,False
S032,SK017,,False
S032,SK018,100.0,True
S032,SK019,,False
S032,SK020,,False
S032,SK021,100.0,True
S032,SK022,100.0,True
S032,SK023,,False
S032,SK024,66.7,True
S032,SK025,66.7,True
S032,SK026,,False
S032,SK027,33.3,True
S032,SK028,0.0,True
S032,SK029,66.7,True
S032,SK030,66.7,True
S032,SK031,,False
S032,SK032,33.3,True
S032,SK033,,False
S032,SK034,66.7,True
S032,SK035,100.0,True
S032,SK036,,False
S032,SK037,66.7,True
S032,SK038,,False
S032,SK039,,False
S032,SK040,,False
S032,SK041,100.0,True
S032,SK042,,False
S032,SK043,100.0,True
S032,SK044,,False
S032,SK045,66.7,True
S032,SK046,,False
S032,SK047,33.3,True
S032,SK048,,False
S032,SK049,,False
S032,SK050,100.0,True
S032,SK051,33.3,True
S032,SK052,100.0,True
S032,SK053,,False
S032,SK054,,False
S032,SK055,66.7,True
S032,SK056,100.0,True
S032,SK057,,False
S032,SK058,,False
S032,SK059,,False
S032,SK060,100.0,True
S032,SK061,33.3,True
S032,SK062,,False
S032,SK063,66.7,True
S032,SK064,33.3,True
S032,SK065,100.0,True
S032,SK066,66.7,True
S032,SK067,,False
S032,SK068,,False
S032,SK069,33.3,True
S032,SK070,,False
S032,SK071,100.0,True
S032,SK072,100.0,True
S033,SK001,,False
S033,SK002,66.7,True
S033,SK003,,False
S033,SK004,,False
S033,SK005,66.7,True
S033,SK006,,False
S033,SK007,66.7,True
S033,SK008,66.7,True
S033,SK009,100.0,True
S033,SK010,66.7,True
S033,SK011,,False
S033,SK012,,False
S033,SK013,66.7,True
S033,SK014,100.0,True
S033,SK015,,False
S033,SK016,66.7,True
S033,SK017,,False
S033,SK018,100.0,True
S033,SK019,33.3,True
S033,SK020,66.7,True
S033,SK021,,False
S033,SK022,100.0,True
S033,SK023,,False
S033,SK024,66.7,True
S033,SK025,100.0,True
S033,SK026,,False
S033,SK027,,False
S033,SK028,,False
S033,SK029,100.0,True
S033,SK030,66.7,True
S033,SK031,100.0,True
S033,SK032,100.0,True
S033,SK033,,False
S033,SK034,100.0,True
S033,SK035,,False
S033,SK036,,False
S033,SK037,,False
S033,SK038,100.0,True
S033,SK039,33.3,True
S033,SK040,,False
S033,SK041,100.0,True
S033,SK042,,False
S033,SK043,66.7,True
S033,SK044,,False
S033,SK045,,False
S033,SK046,,False
S033,SK047,100.0,True
S033,SK048,,False
S033,SK049,,False
S033,SK050,66.7,True
S033,SK051,66.7,True
S033,SK052,66.7,True
S033,SK053,100.0,True
S033,SK054,33.3,True
S033,SK055,66.7,True
S033,SK056,,False
S033,SK057,100.0,True
S033,SK058,,False
S033,SK059,,False
S033,SK060,,False
S033,SK061,,False
S033,SK062,,False
S033,SK063,66.7,True
S033,SK064,,False
S033,SK065,100.0,True
S033,SK066,0.0,True
S033,SK067,66.7,True
S033,SK068,66.7,True
S033,SK069,,False
S033,SK070,66.7,True
S033,SK071,66.7,True
S033,SK072,33.3,True
S034,SK001,,False
S034,SK002,66.7,True
S034,SK003,,False
S034,SK004,100.0,True
S034,SK005,,False
S034,SK006,,False
S034,SK007,100.0,True
S034,SK008,100.0,True
S034,SK009,,False
S034,SK010,66.7,True
S034,SK011,33.3,True
S034,SK012,33.3,True
S034,SK013,33.3,True
S034,SK014,,False
S034,SK015,,False
S034,SK016,100.0,True
S034,SK017,100.0,True
S034,SK018,100.0,True
S034,SK019,66.7,True
S034,SK020,66.7,True
S034,SK021,100.0,True
S034,SK022,100.0,True
S034,SK023,,False
S034,SK024,,False
S034,SK025,66.7,True
S034,SK026,100.0,True
S034,SK027,,False
S034,SK028,100.0,True
S034,SK029,100.0,True
S034,SK030,,False
S034,SK031,,False
S034,SK032,,False
S034,SK033,66.7,True
S034,SK034,66.7,True
S034,SK035,,False
S034,SK036,100.0,True
S034,SK037,,False
S034,SK038,,False
S034,SK039,,False
S034,SK040,,False
S034,SK041,33.3,True
S034,SK042,,False
S034,SK043,,False
S034,SK044,,False
S034,SK045,100.0,True
S034,SK046,66.7,True
S034,SK047,66.7,True
S034,SK048,,False
S034,SK049,33.3,True
S034,SK050,66.7,True
S034,SK051,,False
S034,SK052,,False
S034,SK053,66.7,True
S034,SK054,100.0,True
S034,SK055,100.0,True
S034,SK056,,False
S034,SK057,,False
S034,SK058,100.0,True
S034,SK059,,False
S034,SK060,66.7,True
S034,SK061,,False
S034,SK062,,False
S034,SK063,100.0,True
S034,SK064,,False
S034,SK065,,False
S034,SK066,,False
S034,SK067,,False
S034,SK068,,False
S034,SK069,100.0,True
S034,SK070,66.7,True
S034,SK071,66.7,True
S034,SK072,100.0,True
S035,SK001,,False
S035,SK002,66.7,True
S035,SK003,100.0,True
S035,SK004,100.0,True
S035,SK005,,False
S035,SK006,100.0,True
S035,SK007,,False
S035,SK008,66.7,True
S035,SK009,,False
S035,SK010,,False
S035,SK011,100.0,True
S035,SK012,,False
S035,SK013,100.0,True
S035,SK014,,False
S035,SK015,,False
S035,SK016,33.3,True
S035,SK017,100.0,True
S035,SK018,,False
S035,SK019,100.0,True
S035,SK020,,False
S035,SK021,100.0,True
S035,SK022,100.0,True
S035,SK023,66.7,True
S035,SK024,100.0,True
S035,SK025,,False
S035,SK026,100.0,True
S035,SK027,66.7,True
S035,SK028,,False
S035,SK029,,False
S035,SK030,,False
S035,SK031,,False
S035,SK032,,False
S035,SK033,100.0,True
S035,SK034,,False
S035,SK035,33.3,True
S035,SK036,66.7,True
S035,SK037,100.0,True
S035,SK038,0.0,True
S035,SK039,66.7,True
S035,SK040,66.7,True
S035,SK041,33.3,True
S035,SK042,,False
S035,SK043,,False
S035,SK044,,False
S035,SK045,,False
S035,SK046,,False
S035,SK047,,False
S035,SK048,100.0,True
S035,SK049,,False
S035,SK050,100.0,True
S035,SK051,66.7,True
S035,SK052,,False
S035,SK053,,False
S035,SK054,,False
S035,SK055,100.0,True
S035,SK056,66.7,True
S035,SK057,,False
S035,SK058,66.7,True
S035,SK059,33.3,True
S035,SK060,,False
S035,SK061,100.0,True
S035,SK062,,False
S035,SK063,33.3,True
S035,SK064,66.7,True
S035,SK065,,False
S035,SK066,66.7,True
S035,SK067,,False
S035,SK068,33.3,True
S035,SK069,100.0,True
S035,SK070,,False
S035,SK071,66.7,True
S035,SK072,,False
S036,SK001,,False
S036,SK002,66.7,True
S036,SK003,100.0,True
S036,SK004,,False
S036,SK005,66.7,True
S036,SK006,,False
S036,SK007,100.0,True
S036,SK008,100.0,True
S036,SK009,33.3,True
S036,SK010,,False
S036,SK011,100.0,True
S036,SK012,,False
S036,SK013,100.0,True
S036,SK014,,False
S036,SK015,,False
S036,SK016,,False
S036,SK017,,False
S036,SK018,,False
S036,SK019,,False
S036,SK020,0.0,True
S036,SK021,,False
S036,SK022,100.0,True
S036,SK023,,False
S036,SK024,,False
S036,SK025,100.0,True
S036,SK026,100.0,True
S036,SK027,,False
S036,SK028,100.0,True
S036,SK029,100.0,True
S036,SK030,66.7,True
S036,SK031,100.0,True
S036,SK032,66.7,True
S036,SK033,,False
S036,SK034,100.0,True
S036,SK035,33.3,True
S036,SK036,,False
S036,SK037,,False
S036,SK038,66.7,True
S036,SK039,33.3,True
S036,SK040,100.0,True
S036,SK041,66.7,True
S036,SK042,,False
S036,SK043,66.7,True
S036,SK044,,False
S036,SK045,66.7,True
S036,SK046,66.7,True
S036,SK047,66.7,True
S036,SK048,100.0,True
S036,SK049,,False
S036,SK050,66.7,True
S036,SK051,33.3,True
S036,SK052,66.7,True
S036,SK053,,False
S036,SK054,,False
S036,SK055,100.0,True
S036,SK056,66.7,True
S036,SK057,,False
S036,SK058,,False
S036,SK059,,False
S036,SK060,,False
S036,SK061,100.0,True
S036,SK062,,False
S036,SK063,,False
S036,SK064,100.0,True
S036,SK065,,False
S036,SK066,100.0,True
S036,SK067,,False
S036,SK068,100.0,True
S036,SK069,33.3,True
S036,SK070,100.0,True
S036,SK071,,False
S036,SK072,,False
S037,SK001,,False
S037,SK002,66.7,True
S037,SK003,,False
S037,SK004,100.0,True
S037,SK005,,False
S037,SK006,100.0,True
S037,SK007,66.7,True
S037,SK008,,False
S037,SK009,66.7,True
S037,SK010,66.7,True
S037,SK011,66.7,True
S037,SK012,100.0,True
S037,SK013,100.0,True
S037,SK014,66.7,True
S037,SK015,100.0,True
S037,SK016,100.0,True
S037,SK017,33.3,True
S037,SK018,,False
S037,SK019,,False
S037,SK020,66.7,True
S037,SK021,100.0,True
S037,SK022,,False
S037,SK023,100.0,True
S037,SK024,,False
S037,SK025,,False
S037,SK026,100.0,True
S037,SK027,33.3,True
S037,SK028,66.7,True
S037,SK029,,False
S037,SK030,,False
S037,SK031,33.3,True
S037,SK032,66.7,True
S037,SK033,,False
S037,SK034,0.0,True
S037,SK035,100.0,True
S037,SK036,66.7,True
S037,SK037,,False
S037,SK038,100.0,True
S037,SK039,100.0,True
S037,SK040,,False
S037,SK041,,False
S037,SK042,,False
S037,SK043,,False
S037,SK044,66.7,True
S037,SK045,,False
S037,SK046,100.0,True
S037,SK047,66.7,True
S037,SK048,,False
S037,SK049,66.7,True
S037,SK050,66.7,True
S037,SK051,,False
S037,SK052,,False
S037,SK053,,False
S037,SK054,100.0,True
S037,SK055,,False
S037,SK056,66.7,True
S037,SK057,,False
S037,SK058,,False
S037,SK059,,False
S037,SK060,66.7,True
S037,SK061,33.3,True
S037,SK062,,False
S037,SK063,100.0,True
S037,SK064,66.7,True
S037,SK065,,False
S037,SK066,,False
S037,SK067,100.0,True
S037,SK068,100.0,True
S037,SK069,66.7,True
S037,SK070,,False
S037,SK071,,False
S037,SK072,,False
S038,SK001,100.0,True
S038,SK002,100.0,True
S038,SK003,100.0,True
S038,SK004,100.0,True
S038,SK005,,False
S038,SK006,66.7,True
S038,SK007,,False
S038,SK008,100.0,True
S038,SK009,100.0,True
S038,SK010,,False
S038,SK011,66.7,True
S038,SK012,,False
S038,SK013,66.7,True
S038,SK014,33.3,True
S038,SK015,,False
S038,SK016,,False
S038,SK017,,False
S038,SK018,,False
S038,SK019,,False
S038,SK020,,False
S038,SK021,66.7,True
S038,SK022,,False
S038,SK023,,False
S038,SK024,100.0,True
S038,SK025,66.7,True
S038,SK026,,False
S038,SK027,66.7,True
S038,SK028,,False
S038,SK029,,False
S038,SK030,100.0,True
S038,SK031,100.0,True
S038,SK032,33.3,True
S038,SK033,66.7,True
S038,SK034,100.0,True
S038,SK035,100.0,True
S038,SK036,,False
S038,SK037,66.7,True
S038,SK038,,False
S038,SK039,0.0,True
S038,SK040,33.3,True
S038,SK041,,False
S038,SK042,66.7,True
S038,SK043,100.0,True
S038,SK044,33.3,True
S038,SK045,,False
S038,SK046,,False
S038,SK047,33.3,True
S038,SK048,,False
S038,SK049,100.0,True
S038,SK050,,False
S038,SK051,66.7,True
S038,SK052,66.7,True
S038,SK053,,False
S038,SK054,,False
S038,SK055,33.3,True
S038,SK056,66.7,True
S038,SK057,,False
S038,SK058,,False
S038,SK059,33.3,True
S038,SK060,,False
S038,SK061,,False
S038,SK062,33.3,True
S038,SK063,,False
S038,SK064,33.3,True
S038,SK065,66.7,True
S038,SK066,,False
S038,SK067,100.0,True
S038,SK068,66.7,True
S038,SK069,,False
S038,SK070,33.3,True
S038,SK071,100.0,True
S038,SK072,100.0,True
S039,SK001,,False
S039,SK002,100.0,True
S039,SK003,100.0,True
S039,SK004,66.7,True
S039,SK005,,False
S039,SK006,,False
S039,SK007,66.7,True
S039,SK008,66.7,True
S039,SK009,66.7,True
S039,SK010,100.0,True
S039,SK011,,False
S039,SK012,,False
S039,SK013,33.3,True
S039,SK014,,False
S039,SK015,100.0,True
S039,SK016,,False
S039,SK017,,False
S039,SK018,66.7,True
S039,SK019,66.7,True
S039,SK020,66.7,True
S039,SK021,100.0,True
S039,SK022,,False
S039,SK023,100.0,True
S039,SK024,66.7,True
S039,SK025,,False
S039,SK026,33.3,True
S039,SK027,,False
S039,SK028,33.3,True
S039,SK029,100.0,True
S039,SK030,,False
S039,SK031,,False
S039,SK032,100.0,True
S039,SK033,66.7,True
S039,SK034,100.0,True
S039,SK035,,False
S039,SK036,100.0,True
S039,SK037,,False
S039,SK038,,False
S039,SK039,100.0,True
S039,SK040,,False
S039,SK041,100.0,True
S039,SK042,100.0,True
S039,SK043,,False
S039,SK044,66.7,True
S039,SK045,,False
S039,SK046,,False
S039,SK047,,False
S039,SK048,,False
S039,SK049,,False
S039,SK050,100.0,True
S039,SK051,100.0,True
S039,SK052,66.7,True
S039,SK053,,False
S039,SK054,,False
S039,SK055,100.0,True
S039,SK056,100.0,True
S039,SK057,100.0,True
S039,SK058,,False
S039,SK059,100.0,True
S039,SK060,100.0,True
S039,SK061,,False
S039,SK062,66.7,True
S039,SK063,,False
S039,SK064,,False
S039,SK065,100.0,True
S039,SK066,66.7,True
S039,SK067,,False
S039,SK068,,False
S039,SK069,100.0,True
S039,SK070,33.3,True
S039,SK071,,False
S039,SK072,,False
S040,SK001,100.0,True
S040,SK002,66.7,True
S040,SK003,66.7,True
S040,SK004,,False
S040,SK005,66.7,True
S040,SK006,66.7,True
S040,SK007,,False
S040,SK008,,False
S040,SK009,,False
S040,SK010,,False
S040,SK011,66.7,True
S040,SK012,,False
S040,SK013,100.0,True
S040,SK014,66.7,True
S040,SK015,66.7,True
S040,SK016,100.0,True
S040,SK017,,False
S040,SK018,100.0,True
S040,SK019,,False
S040,SK020,100.0,True
S040,SK021,66.7,True
S040,SK022,66.7,True
S040,SK023,33.3,True
S040,SK024,100.0,True
S040,SK025,33.3,True
S040,SK026,,False
S040,SK027,,False
S040,SK028,,False
S040,SK029,,False
S040,SK030,,False
S040,SK031,,False
S040,SK032,,False
S040,SK033,100.0,True
S040,SK034,66.7,True
S040,SK035,,False
S040,SK036,,False
S040,SK037,,False
S040,SK038,,False
S040,SK039,100.0,True
S040,SK040,,False
S040,SK041,66.7,True
S040,SK042,33.3,True
S040,SK043,,False
S040,SK044,66.7,True
S040,SK045,,False
S040,SK046,,False
S040,SK047,66.7,True
S040,SK048,100.0,True
S040,SK049,66.7,True
S040,SK050,,False
S040,SK051,66.7,True
S040,SK052,100.0,True
S040,SK053,,False
S040,SK054,,False
S040,SK055,,False
S040,SK056,66.7,True
S040,SK057,,False
S040,SK058,,False
S040,SK059,100.0,True
S040,SK060,66.7,True
S040,SK061,66.7,True
S040,SK062,,False
S040,SK063,100.0,True
S040,SK064,66.7,True
S040,SK065,,False
S040,SK066,33.3,True
S040,SK067,66.7,True
S040,SK068,66.7,True
S040,SK069,,False
S040,SK070,100.0,True
S040,SK071,,False
S040,SK072,0.0,True
S041,SK001,,False
S041,SK002,100.0,True
S041,SK003,100.0,True
S041,SK004,66.7,True
S041,SK005,,False
S041,SK006,,False
S041,SK007,,False
S041,SK008,,False
S041,SK009,,False
S041,SK010,,False
S041,SK011,100.0,True
S041,SK012,66.7,True
S041,SK013,66.7,True
S041,SK014,,False
S041,SK015,,False
S041,SK016,66.7,True
S041,SK017,,False
S041,SK018,100.0,True
S041,SK019,66.7,True
S041,SK020,33.3,True
S041,SK021,100.0,True
S041,SK022,100.0,True
S041,SK023,100.0,True
S041,SK024,,False
S041,SK025,,False
S041,SK026,66.7,True
S041,SK027,100.0,True
S041,SK028,100.0,True
S041,SK029,,False
S041,SK030,33.3,True
S041,SK031,100.0,True
S041,SK032,33.3,True
S041,SK033,100.0,True
S041,SK034,,False
S041,SK035,,False
S041,SK036,66.7,True
S041,SK037,66.7,True
S041,SK038,,False
S041,SK039,,False
S041,SK040,,False
S041,SK041,33.3,True
S041,SK042,,False
S041,SK043,,False
S041,SK044,66.7,True
S041,SK045,66.7,True
S041,SK046,100.0,True
S041,SK047,100.0,True
S041,SK048,100.0,True
S041,SK049,66.7,True
S041,SK050,66.7,True
S041,SK051,,False
S041,SK052,100.0,True
S041,SK053,,False
S041,SK054,66.7,True
S041,SK055,66.7,True
S041,SK056,,False
S041,SK057,,False
S041,SK058,,False
S041,SK059,,False
S041,SK060,33.3,True
S041,SK061,,False
S041,SK062,66.7,True
S041,SK063,33.3,True
S041,SK064,,False
S041,SK065,66.7,True
S041,SK066,,False
S041,SK067,,False
S041,SK068,100.0,True
S041,SK069,0.0,True
S041,SK070,,False
S041,SK071,66.7,True
S041,SK072,66.7,True
S042,SK001,66.7,True
S042,SK002,,False
S042,SK003,66.7,True
S042,SK004,66.7,True
S042,SK005,,False
S042,SK006,66.7,True
S042,SK007,100.0,True
S042,SK008,,False
S042,SK009,,False
S042,SK010,66.7,True
S042,SK011,66.7,True
S042,SK012,,False
S042,SK013,100.0,True
S042,SK014,100.0,True
S042,SK015,,False
S042,SK016,,False
S042,SK017,,False
S042,SK018,66.7,True
S042,SK019,66.7,True
S042,SK020,66.7,True
S042,SK021,100.0,True
S042,SK022,100.0,True
S042,SK023,,False
S042,SK024,,False
S042,SK025,,False
S042,SK026,,False
S042,SK027,100.0,True
S042,SK028,,False
S042,SK029,66.7,True
S042,SK030,100.0,True
S042,SK031,66.7,True
S042,SK032,,False
S042,SK033,100.0,True
S042,SK034,,False
S042,SK035,66.7,True
S042,SK036,,False
S042,SK037,,False
S042,SK038,,False
S042,SK039,,False
S042,SK040,100.0,True
S042,SK041,,False
S042,SK042,33.3,True
S042,SK043,,False
S042,SK044,66.7,True
S042,SK045,66.7,True
S042,SK046,,False
S042,SK047,66.7,True
S042,SK048,,False
S042,SK049,66.7,True
S042,SK050,100.0,True
S042,SK051,,False
S042,SK052,100.0,True
S042,SK053,66.7,True
S042,SK054,100.0,True
S042,SK055,33.3,True
S042,SK056,,False
S042,SK057,33.3,True
S042,SK058,,False
S042,SK059,,False
S042,SK060,,False
S042,SK061,66.7,True
S042,SK062,100.0,True
S042,SK063,100.0,True
S042,SK064,66.7,True
S042,SK065,,False
S042,SK066,100.0,True
S042,SK067,,False
S042,SK068,,False
S042,SK069,,False
S042,SK070,66.7,True
S042,SK071,66.7,True
S042,SK072,,False
S043,SK001,,False
S043,SK002,100.0,True
S043,SK003,100.0,True
S043,SK004,,False
S043,SK005,,False
S043,SK006,100.0,True
S043,SK007,,False
S043,SK008,,False
S043,SK009,,False
S043,SK010,,False
S043,SK011,66.7,True
S043,SK012,100.0,True
S043,SK013,100.0,True
S043,SK014,66.7,True
S043,SK015,66.7,True
S043,SK016,0.0,True
S043,SK017,,False
S043,SK018,,False
S043,SK019,66.7,True
S043,SK020,,False
S043,SK021,33.3,True
S043,SK022,100.0,True
S043,SK023,66.7,True
S043,SK024,66.7,True
S043,SK025,100.0,True
S043,SK026,100.0,True
S043,SK027,33.3,True
S043,SK028,66.7,True
S043,SK029,,False
S043,SK030,66.7,True
S043,SK031,66.7,True
S043,SK032,100.0,True
S043,SK033,,False
S043,SK034,100.0,True
S043,SK035,,False
S043,SK036,66.7,True
S043,SK037,,False
S043,SK038,66.7,True
S043,SK039,66.7,True
S043,SK040,100.0,True
S043,SK041,,False
S043,SK042,,False
S043,SK043,33.3,True
S043,SK044,,False
S043,SK045,,False
S043,SK046,66.7,True
S043,SK047,,False
S043,SK048,,False
S043,SK049,,False
S043,SK050,100.0,True
S043,SK051,,False
S043,SK052,100.0,True
S043,SK053,100.0,True
S043,SK054,,False
S043,SK055,,False
S043,SK056,,False
S043,SK057,33.3,True
S043,SK058,66.7,True
S043,SK059,33.3,True
S043,SK060,33.3,True
S043,SK061,66.7,True
S043,SK062,,False
S043,SK063,66.7,True
S043,SK064,100.0,True
S043,SK065,,False
S043,SK066,66.7,True
S043,SK067,66.7,True
S043,SK068,,False
S043,SK069,,False
S043,SK070,,False
S043,SK071,100.0,True
S043,SK072,,False
S044,SK001,66.7,True
S044,SK002,66.7,True
S044,SK003,,False
S044,SK004,66.7,True
S044,SK005,100.0,True
S044,SK006,66.7,True
S044,SK007,33.3,True
S044,SK008,,False
S044,SK009,100.0,True
S044,SK010,,False
S044,SK011,66.7,True
S044,SK012,,False
S044,SK013,66.7,True
S044,SK014,,False
S044,SK015,,False
S044,SK016,66.7,True
S044,SK017,66.7,True
S044,SK018,100.0,True
S044,SK019,33.3,True
S044,SK020,,False
S044,SK021,100.0,True
S044,SK022,66.7,True
S044,SK023,,False
S044,SK024,,False
S044,SK025,,False
S044,SK026,,False
S044,SK027,100.0,True
S044,SK028,100.0,True
S044,SK029,66.7,True
S044,SK030,,False
S044,SK031,,False
S044,SK032,66.7,True
S044,SK033,,False
S044,SK034,,False
S044,SK035,100.0,True
S044,SK036,100.0,True
S044,SK037,,False
S044,SK038,0.0,True
S044,SK039,,False
S044,SK040,66.7,True
S044,SK041,,False
S044,SK042,100.0,True
S044,SK043,66.7,True
S044,SK044,33.3,True
S044,SK045,,False
S044,SK046,66.7,True
S044,SK047,100.0,True
S044,SK048,33.3,True
S044,SK049,,False
S044,SK050,66.7,True
S044,SK051,100.0,True
S044,SK052,33.3,True
S044,SK053,,False
S044,SK054,,False
S044,SK055,,False
S044,SK056,100.0,True
S044,SK057,33.3,True
S044,SK058,,False
S044,SK059,,False
S044,SK060,,False
S044,SK061,,False
S044,SK062,,False
S044,SK063,66.7,True
S044,SK064,100.0,True
S044,SK065,66.7,True
S044,SK066,33.3,True
S044,SK067,,False
S044,SK068,,False
S044,SK069,,False
S044,SK070,,False
S044,SK071,33.3,True
S044,SK072,100.0,True
S045,SK001,,False
S045,SK002,33.3,True
S045,SK003,,False
S045,SK004,66.7,True
S045,SK005,66.7,True
S045,SK006,,False
S045,SK007,66.7,True
S045,SK008,66.7,True
S045,SK009,,False
S045,SK010,100.0,True
S045,SK011,33.3,True
S045,SK012,66.7,True
S045,SK013,,False
S045,SK014,66.7,True
S045,SK015,33.3,True
S045,SK016,,False
S045,SK017,,False
S045,SK018,,False
S045,SK019,33.3,True
S045,SK020,33.3,True
S045,SK021,100.0,True
S045,SK022,33.3,True
S045,SK023,,False
S045,SK024,,False
S045,SK025,33.3,True
S045,SK026,33.3,True
S045,SK027,,False
S045,SK028,,False
S045,SK029,,False
S045,SK030,33.3,True
S045,SK031,66.7,True
S045,SK032,,False
S045,SK033,66.7,True
S045,SK034,,False
S045,SK035,66.7,True
S045,SK036,,False
S045,SK037,100.0,True
S045,SK038,66.7,True
S045,SK039,66.7,True
S045,SK040,,False
S045,SK041,,False
S045,SK042,,False
S045,SK043,66.7,True
S045,SK044,,False
S045,SK045,,False
S045,SK046,33.3,True
S045,SK047,66.7,True
S045,SK048,66.7,True
S045,SK049,33.3,True
S045,SK050,66.7,True
S045,SK051,,False
S045,SK052,,False
S045,SK053,66.7,True
S045,SK054,33.3,True
S045,SK055,,False
S045,SK056,66.7,True
S045,SK057,100.0,True
S045,SK058,33.3,True
S045,SK059,,False
S045,SK060,66.7,True
S045,SK061,66.7,True
S045,SK062,,False
S045,SK063,,False
S045,SK064,,False
S045,SK065,,False
S045,SK066,,False
S045,SK067,,False
S045,SK068,100.0,True
S045,SK069,66.7,True
S045,SK070,33.3,True
S045,SK071,100.0,True
S045,SK072,66.7,True
S046,SK001,,False
S046,SK002,66.7,True
S046,SK003,66.7,True
S046,SK004,100.0,True
S046,SK005,33.3,True
S046,SK006,100.0,True
S046,SK007,100.0,True
S046,SK008,,False
S046,SK009,,False
S046,SK010,,False
S046,SK011,,False
S046,SK012,,False
S046,SK013,,False
S046,SK014,33.3,True
S046,SK015,33.3,True
S046,SK016,,False
S046,SK017,100.0,True
S046,SK018,0.0,True
S046,SK019,,False
S046,SK020,0.0,True
S046,SK021,66.7,True
S046,SK022,66.7,True
S046,SK023,33.3,True
S046,SK024,,False
S046,SK025,66.7,True
S046,SK026,,False
S046,SK027,66.7,True
S046,SK028,66.7,True
S046,SK029,,False
S046,SK030,66.7,True
S046,SK031,,False
S046,SK032,66.7,True
S046,SK033,100.0,True
S046,SK034,,False
S046,SK035,66.7,True
S046,SK036,,False
S046,SK037,33.3,True
S046,SK038,33.3,True
S046,SK039,,False
S046,SK040,66.7,True
S046,SK041,,False
S046,SK042,66.7,True
S046,SK043,33.3,True
S046,SK044,,False
S046,SK045,33.3,True
S046,SK046,,False
S046,SK047,100.0,True
S046,SK048,100.0,True
S046,SK049,66.7,True
S046,SK050,,False
S046,SK051,,False
S046,SK052,0.0,True
S046,SK053,66.7,True
S046,SK054,,False
S046,SK055,,False
S046,SK056,,False
S046,SK057,,False
S046,SK058,66.7,True
S046,SK059,,False
S046,SK060,,False
S046,SK061,66.7,True
S046,SK062,100.0,True
S046,SK063,33.3,True
S046,SK064,,False
S046,SK065,100.0,True
S046,SK066,33.3,True
S046,SK067,,False
S046,SK068,,False
S046,SK069,,False
S046,SK070,100.0,True
S046,SK071,,False
S046,SK072,,False
S047,SK001,,False
S047,SK002,,False
S047,SK003,,False
S047,SK004,,False
S047,SK005,,False
S047,SK006,0.0,True
S047,SK007,100.0,True
S047,SK008,66.7,True
S047,SK009,,False
S047,SK010,100.0,True
S047,SK011,100.0,True
S047,SK012,66.7,True
S047,SK013,,False
S047,SK014,100.0,True
S047,SK015,,False
S047,SK016,100.0,True
S047,SK017,66.7,True
S047,SK018,66.7,True
S047,SK019,,False
S047,SK020,,False
S047,SK021,66.7,True
S047,SK022,,False
S047,SK023,,False
S047,SK024,100.0,True
S047,SK025,100.0,True
S047,SK026,,False
S047,SK027,,False
S047,SK028,100.0,True
S047,SK029,,False
S047,SK030,66.7,True
S047,SK031,100.0,True
S047,SK032,,False
S047,SK033,33.3,True
S047,SK034,66.7,True
S047,SK035,100.0,True
S047,SK036,66.7,True
S047,SK037,100.0,True
S047,SK038,66.7,True
S047,SK039,100.0,True
S047,SK040,,False
S047,SK041,100.0,True
S047,SK042,,False
S047,SK043,,False
S047,SK044,66.7,True
S047,SK045,66.7,True
S047,SK046,100.0,True
S047,SK047,66.7,True
S047,SK048,,False
S047,SK049,,False
S047,SK050,,False
S047,SK051,,False
S047,SK052,,False
S047,SK053,66.7,True
S047,SK054,66.7,True
S047,SK055,,False
S047,SK056,,False
S047,SK057,,False
S047,SK058,,False
S047,SK059,,False
S047,SK060,100.0,True
S047,SK061,33.3,True
S047,SK062,66.7,True
S047,SK063,100.0,True
S047,SK064,,False
S047,SK065,100.0,True
S047,SK066,66.7,True
S047,SK067,33.3,True
S047,SK068,,False
S047,SK069,,False
S047,SK070,,False
S047,SK071,66.7,True
S047,SK072,66.7,True
S048,SK001,66.7,True
S048,SK002,,False
S048,SK003,100.0,True
S048,SK004,33.3,True
S048,SK005,,False
S048,SK006,,False
S048,SK007,100.0,True
S048,SK008,66.7,True
S048,SK009,,False
S048,SK010,,False
S048,SK011,66.7,True
S048,SK012,,False
S048,SK013,,False
S048,SK014,66.7,True
S048,SK015,,False
S048,SK016,,False
S048,SK017,,False
S048,SK018,0.0,True
S048,SK019,66.7,True
S048,SK020,,False
S048,SK021,33.3,True
S048,SK022,,False
S048,SK023,33.3,True
S048,SK024,66.7,True
S048,SK025,100.0,True
S048,SK026,,False
S048,SK027,66.7,True
S048,SK028,66.7,True
S048,SK029,100.0,True
S048,SK030,100.0,True
S048,SK031,,False
S048,SK032,100.0,True
S048,SK033,100.0,True
S048,SK034,,False
S048,SK035,66.7,True
S048,SK036,66.7,True
S048,SK037,33.3,True
S048,SK038,,False
S048,SK039,66.7,True
S048,SK040,,False
S048,SK041,,False
S048,SK042,,False
S048,SK043,0.0,True
S048,SK044,,False
S048,SK045,33.3,True
S048,SK046,33.3,True
S048,SK047,66.7,True
S048,SK048,,False
S048,SK049,100.0,True
S048,SK050,66.7,True
S048,SK051,66.7,True
S048,SK052,33.3,True
S048,SK053,66.7,True
S048,SK054,33.3,True
S048,SK055,,False
S048,SK056,33.3,True
S048,SK057,,False
S048,SK058,,False
S048,SK059,100.0,True
S048,SK060,33.3,True
S048,SK061,100.0,True
S048,SK062,,False
S048,SK063,,False
S048,SK064,66.7,True
S048,SK065,,False
S048,SK066,100.0,True
S048,SK067,,False
S048,SK068,,False
S048,SK069,,False
S048,SK070,,False
S048,SK071,66.7,True
S048,SK072,,False
S049,SK001,,False
S049,SK002,100.0,True
S049,SK003,66.7,True
S049,SK004,66.7,True
S049,SK005,,False
S049,SK006,33.3,True
S049,SK007,100.0,True
S049,SK008,100.0,True
S049,SK009,100.0,True
S049,SK010,66.7,True
S049,SK011,,False
S049,SK012,66.7,True
S049,SK013,100.0,True
S049,SK014,100.0,True
S049,SK015,,False
S049,SK016,66.7,True
S049,SK017,100.0,True
S049,SK018,33.3,True
S049,SK019,100.0,True
S049,SK020,,False
S049,SK021,,False
S049,SK022,,False
S049,SK023,100.0,True
S049,SK024,,False
S049,SK025,100.0,True
S049,SK026,,False
S049,SK027,,False
S049,SK028,,False
S049,SK029,100.0,True
S049,SK030,,False
S049,SK031,66.7,True
S049,SK032,,False
S049,SK033,,False
S049,SK034,,False
S049,SK035,,False
S049,SK036,,False
S049,SK037,66.7,True
S049,SK038,,False
S049,SK039,,False
S049,SK040,,False
S049,SK041,66.7,True
S049,SK042,66.7,True
S049,SK043,,False
S049,SK044,33.3,True
S049,SK045,,False
S049,SK046,100.0,True
S049,SK047,100.0,True
S049,SK048,,False
S049,SK049,100.0,True
S049,SK050,66.7,True
S049,SK051,66.7,True
S049,SK052,66.7,True
S049,SK053,100.0,True
S049,SK054,,False
S049,SK055,,False
S049,SK056,,False
S049,SK057,66.7,True
S049,SK058,,False
S049,SK059,,False
S049,SK060,33.3,True
S049,SK061,33.3,True
S049,SK062,66.7,True
S049,SK063,,False
S049,SK064,,False
S049,SK065,66.7,True
S049,SK066,100.0,True
S049,SK067,66.7,True
S049,SK068,,False
S049,SK069,66.7,True
S049,SK070,,False
S049,SK071,100.0,True
S049,SK072,,False
S050,SK001,66.7,True
S050,SK002,,False
S050,SK003,100.0,True
S050,SK004,66.7,True
S050,SK005,,False
S050,SK006,100.0,True
S050,SK007,,False
S050,SK008,66.7,True
S050,SK009,66.7,True
S050,SK010,100.0,True
S050,SK011,,False
S050,SK012,66.7,True
S050,SK013,,False
S050,SK014,33.3,True
S050,SK015,,False
S050,SK016,100.0,True
S050,SK017,33.3,True
S050,SK018,,False
S050,SK019,66.7,True
S050,SK020,66.7,True
S050,SK021,,False
S050,SK022,,False
S050,SK023,,False
S050,SK024,66.7,True
S050,SK025,33.3,True
S050,SK026,,False
S050,SK027,,False
S050,SK028,66.7,True
S050,SK029,,False
S050,SK030,,False
S050,SK031,100.0,True
S050,SK032,,False
S050,SK033,100.0,True
S050,SK034,100.0,True
S050,SK035,100.0,True
S050,SK036,66.7,True
S050,SK037,,False
S050,SK038,100.0,True
S050,SK039,100.0,True
S050,SK040,,False
S050,SK041,100.0,True
S050,SK042,66.7,True
S050,SK043,100.0,True
S050,SK044,100.0,True
S050,SK045,66.7,True
S050,SK046,,False
S050,SK047,,False
S050,SK048,,False
S050,SK049,,False
S050,SK050,66.7,True
S050,SK051,66.7,True
S050,SK052,100.0,True
S050,SK053,0.0,True
S050,SK054,33.3,True
S050,SK055,,False
S050,SK056,100.0,True
S050,SK057,66.7,True
S050,SK058,,False
S050,SK059,100.0,True
S050,SK060,,False
S050,SK061,100.0,True
S050,SK062,,False
S050,SK063,,False
S050,SK064,66.7,True
S050,SK065,,False
S050,SK066,,False
S050,SK067,100.0,True
S050,SK068,66.7,True
S050,SK069,66.7,True
S050,SK070,66.7,True
S050,SK071,,False
S050,SK072,,False
S051,SK001,100.0,True
S051,SK002,100.0,True
S051,SK003,100.0,True
S051,SK004,,False
S051,SK005,,False
S051,SK006,66.7,True
S051,SK007,,False
S051,SK008,,False
S051,SK009,,False
S051,SK010,66.7,True
S051,SK011,66.7,True
S051,SK012,,False
S051,SK013,100.0,True
S051,SK014,,False
S051,SK015,,False
S051,SK016,,False
S051,SK017,,False
S051,SK018,66.7,True
S051,SK019,,False
S051,SK020,33.3,True
S051,SK021,,False
S051,SK022,,False
S051,SK023,66.7,True
S051,SK024,,False
S051,SK025,33.3,True
S051,SK026,,False
S051,SK027,66.7,True
S051,SK028,66.7,True
S051,SK029,66.7,True
S051,SK030,,False
S051,SK031,,False
S051,SK032,,False
S051,SK033,100.0,True
S051,SK034,100.0,True
S051,SK035,,False
S051,SK036,100.0,True
S051,SK037,66.7,True
S051,SK038,0.0,True
S051,SK039,33.3,True
S051,SK040,,False
S051,SK041,66.7,True
S051,SK042,100.0,True
S051,SK043,100.0,True
S051,SK044,,False
S051,SK045,33.3,True
S051,SK046,,False
S051,SK047,33.3,True
S051,SK048,,False
S051,SK049,,False
S051,SK050,66.7,True
S051,SK051,,False
S051,SK052,,False
S051,SK053,66.7,True
S051,SK054,66.7,True
S051,SK055,,False
S051,SK056,,False
S051,SK057,,False
S051,SK058,,False
S051,SK059,,False
S051,SK060,66.7,True
S051,SK061,100.0,True
S051,SK062,33.3,True
S051,SK063,100.0,True
S051,SK064,66.7,True
S051,SK065,33.3,True
S051,SK066,33.3,True
S051,SK067,100.0,True
S051,SK068,66.7,True
S051,SK069,66.7,True
S051,SK070,,False
S051,SK071,,False
S051,SK072,33.3,True
S052,SK001,,False
S052,SK002,100.0,True
S052,SK003,,False
S052,SK004,100.0,True
S052,SK005,,False
S052,SK006,66.7,True
S052,SK007,66.7,True
S052,SK008,100.0,True
S052,SK009,,False
S052,SK010,66.7,True
S052,SK011,,False
S052,SK012,,False
S052,SK013,,False
S052,SK014,100.0,True
S052,SK015,66.7,True
S052,SK016,66.7,True
S052,SK017,,False
S052,SK018,100.0,True
S052,SK019,66.7,True
S052,SK020,100.0,True
S052,SK021,,False
S052,SK022,33.3,True
S052,SK023,100.0,True
S052,SK024,66.7,True
S052,SK025,100.0,True
S052,SK026,33.3,True
S052,SK027,33.3,True
S052,SK028,,False
S052,SK029,,False
S052,SK030,,False
S052,SK031,,False
S052,SK032,100.0,True
S052,SK033,,False
S052,SK034,,False
S052,SK035,100.0,True
S052,SK036,66.7,True
S052,SK037,66.7,True
S052,SK038,66.7,True
S052,SK039,100.0,True
S052,SK040,,False
S052,SK041,66.7,True
S052,SK042,,False
S052,SK043,,False
S052,SK044,,False
S052,SK045,,False
S052,SK046,100.0,True
S052,SK047,33.3,True
S052,SK048,66.7,True
S052,SK049,,False
S052,SK050,,False
S052,SK051,100.0,True
S052,SK052,100.0,True
S052,SK053,,False
S052,SK054,,False
S052,SK055,66.7,True
S052,SK056,33.3,True
S052,SK057,100.0,True
S052,SK058,66.7,True
S052,SK059,,False
S052,SK060,,False
S052,SK061,33.3,True
S052,SK062,100.0,True
S052,SK063,66.7,True
S052,SK064,100.0,True
S052,SK065,100.0,True
S052,SK066,66.7,True
S052,SK067,,False
S052,SK068,33.3,True
S052,SK069,,False
S052,SK070,,False
S052,SK071,100.0,True
S052,SK072,,False
S053,SK001,100.0,True
S053,SK002,,False
S053,SK003,,False
S053,SK004,,False
S053,SK005,66.7,True
S053,SK006,,False
S053,SK007,,False
S053,SK008,,False
S053,SK009,100.0,True
S053,SK010,100.0,True
S053,SK011,66.7,True
S053,SK012,66.7,True
S053,SK013,,False
S053,SK014,100.0,True
S053,SK015,100.0,True
S053,SK016,66.7,True
S053,SK017,,False
S053,SK018,66.7,True
S053,SK019,,False
S053,SK020,100.0,True
S053,SK021,,False
S053,SK022,,False
S053,SK023,,False
S053,SK024,100.0,True
S053,SK025,,False
S053,SK026,,False
S053,SK027,,False
S053,SK028,100.0,True
S053,SK029,100.0,True
S053,SK030,,False
S053,SK031,,False
S053,SK032,100.0,True
S053,SK033,33.3,True
S053,SK034,66.7,True
S053,SK035,,False
S053,SK036,66.7,True
S053,SK037,,False
S053,SK038,,False
S053,SK039,100.0,True
S053,SK040,,False
S053,SK041,66.7,True
S053,SK042,66.7,True
S053,SK043,100.0,True
S053,SK044,,False
S053,SK045,0.0,True
S053,SK046,100.0,True
S053,SK047,,False
S053,SK048,66.7,True
S053,SK049,66.7,True
S053,SK050,,False
S053,SK051,,False
S053,SK052,,False
S053,SK053,66.7,True
S053,SK054,66.7,True
S053,SK055,,False
S053,SK056,,False
S053,SK057,100.0,True
S053,SK058,100.0,True
S053,SK059,100.0,True
S053,SK060,,False
S053,SK061,,False
S053,SK062,,False
S053,SK063,66.7,True
S053,SK064,,False
S053,SK065,100.0,True
S053,SK066,,False
S053,SK067,66.7,True
S053,SK068,100.0,True
S053,SK069,100.0,True
S053,SK070,,False
S053,SK071,66.7,True
S053,SK072,33.3,True
S054,SK001,,False
S054,SK002,,False
S054,SK003,66.7,True
S054,SK004,,False
S054,SK005,100.0,True
S054,SK006,,False
S054,SK007,,False
S054,SK008,33.3,True
S054,SK009,100.0,True
S054,SK010,,False
S054,SK011,66.7,True
S054,SK012,,False
S054,SK013,,False
S054,SK014,100.0,True
S054,SK015,66.7,True
S054,SK016,100.0,True
S054,SK017,66.7,True
S054,SK018,,False
S054,SK019,66.7,True
S054,SK020,,False
S054,SK021,100.0,True
S054,SK022,,False
S054,SK023,,False
S054,SK024,,False
S054,SK025,,False
S054,SK026,,False
S054,SK027,100.0,True
S054,SK028,100.0,True
S054,SK029,,False
S054,SK030,66.7,True
S054,SK031,100.0,True
S054,SK032,100.0,True
S054,SK033,66.7,True
S054,SK034,100.0,True
S054,SK035,,False
S054,SK036,100.0,True
S054,SK037,,False
S054,SK038,100.0,True
S054,SK039,66.7,True
S054,SK040,,False
S054,SK041,100.0,True
S054,SK042,66.7,True
S054,SK043,0.0,True
S054,SK044,100.0,True
S054,SK045,66.7,True
S054,SK046,,False
S054,SK047,,False
S054,SK048,,False
S054,SK049,,False
S054,SK050,,False
S054,SK051,,False
S054,SK052,33.3,True
S054,SK053,100.0,True
S054,SK054,,False
S054,SK055,100.0,True
S054,SK056,,False
S054,SK057,,False
S054,SK058,100.0,True
S054,SK059,,False
S054,SK060,33.3,True
S054,SK061,,False
S054,SK062,66.7,True
S054,SK063,100.0,True
S054,SK064,66.7,True
S054,SK065,100.0,True
S054,SK066,66.7,True
S054,SK067,100.0,True
S054,SK068,,False
S054,SK069,66.7,True
S054,SK070,33.3,True
S054,SK071,,False
S054,SK072,66.7,True
S055,SK001,100.0,True
S055,SK002,,False
S055,SK003,100.0,True
S055,SK004,,False
S055,SK005,66.7,True
S055,SK006,,False
S055,SK007,,False
S055,SK008,100.0,True
S055,SK009,66.7,True
S055,SK010,66.7,True
S055,SK011,,False
S055,SK012,100.0,True
S055,SK013,66.7,True
S055,SK014,100.0,True
S055,SK015,,False
S055,SK016,,False
S055,SK017,66.7,True
S055,SK018,100.0,True
S055,SK019,100.0,True
S055,SK020,100.0,True
S055,SK021,33.3,True
S055,SK022,,False
S055,SK023,33.3,True
S055,SK024,66.7,True
S055,SK025,100.0,True
S055,SK026,,False
S055,SK027,,False
S055,SK028,,False
S055,SK029,66.7,True
S055,SK030,,False
S055,SK031,,False
S055,SK032,,False
S055,SK033,66.7,True
S055,SK034,66.7,True
S055,SK035,,False
S055,SK036,,False
S055,SK037,,False
S055,SK038,66.7,True
S055,SK039,100.0,True
S055,SK040,100.0,True
S055,SK041,100.0,True
S055,SK042,,False
S055,SK043,66.7,True
S055,SK044,,False
S055,SK045,66.7,True
S055,SK046,,False
S055,SK047,100.0,True
S055,SK048,100.0,True
S055,SK049,100.0,True
S055,SK050,,False
S055,SK051,,False
S055,SK052,100.0,True
S055,SK053,,False
S055,SK054,,False
S055,SK055,100.0,True
S055,SK056,,False
S055,SK057,66.7,True
S055,SK058,100.0,True
S055,SK059,100.0,True
S055,SK060,,False
S055,SK061,,False
S055,SK062,66.7,True
S055,SK063,100.0,True
S055,SK064,66.7,True
S055,SK065,33.3,True
S055,SK066,,False
S055,SK067,66.7,True
S055,SK068,66.7,True
S055,SK069,100.0,True
S055,SK070,,False
S055,SK071,66.7,True
S055,SK072,,False
S056,SK001,,False
S056,SK002,66.7,True
S056,SK003,,False
S056,SK004,33.3,True
S056,SK005,66.7,True
S056,SK006,,False
S056,SK007,,False
S056,SK008,,False
S056,SK009,,False
S056,SK010,,False
S056,SK011,100.0,True
S056,SK012,,False
S056,SK013,,False
S056,SK014,,False
S056,SK015,100.0,True
S056,SK016,66.7,True
S056,SK017,,False
S056,SK018,100.0,True
S056,SK019,66.7,True
S056,SK020,66.7,True
S056,SK021,,False
S056,SK022,100.0,True
S056,SK023,66.7,True
S056,SK024,,False
S056,SK025,100.0,True
S056,SK026,100.0,True
S056,SK027,100.0,True
S056,SK028,66.7,True
S056,SK029,66.7,True
S056,SK030,,False
S056,SK031,66.7,True
S056,SK032,,False
S056,SK033,,False
S056,SK034,100.0,True
S056,SK035,66.7,True
S056,SK036,,False
S056,SK037,,False
S056,SK038,,False
S056,SK039,100.0,True
S056,SK040,,False
S056,SK041,,False
S056,SK042,66.7,True
S056,SK043,,False
S056,SK044,66.7,True
S056,SK045,0.0,True
S056,SK046,66.7,True
S056,SK047,,False
S056,SK048,100.0,True
S056,SK049,100.0,True
S056,SK050,100.0,True
S056,SK051,66.7,True
S056,SK052,100.0,True
S056,SK053,,False
S056,SK054,100.0,True
S056,SK055,,False
S056,SK056,100.0,True
S056,SK057,100.0,True
S056,SK058,100.0,True
S056,SK059,,False
S056,SK060,66.7,True
S056,SK061,66.7,True
S056,SK062,,False
S056,SK063,,False
S056,SK064,33.3,True
S056,SK065,100.0,True
S056,SK066,,False
S056,SK067,,False
S056,SK068,66.7,True
S056,SK069,66.7,True
S056,SK070,66.7,True
S056,SK071,,False
S056,SK072,,False
S057,SK001,66.7,True
S057,SK002,100.0,True
S057,SK003,66.7,True
S057,SK004,33.3,True
S057,SK005,,False
S057,SK006,,False
S057,SK007,66.7,True
S057,SK008,,False
S057,SK009,,False
S057,SK010,,False
S057,SK011,66.7,True
S057,SK012,66.7,True
S057,SK013,,False
S057,SK014,100.0,True
S057,SK015,66.7,True
S057,SK016,,False
S057,SK017,,False
S057,SK018,,False
S057,SK019,66.7,True
S057,SK020,33.3,True
S057,SK021,100.0,True
S057,SK022,33.3,True
S057,SK023,100.0,True
S057,SK024,66.7,True
S057,SK025,,False
S057,SK026,,False
S057,SK027,,False
S057,SK028,100.0,True
S057,SK029,,False
S057,SK030,100.0,True
S057,SK031,33.3,True
S057,SK032,66.7,True
S057,SK033,100.0,True
S057,SK034,66.7,True
S057,SK035,,False
S057,SK036,66.7,True
S057,SK037,,False
S057,SK038,,False
S057,SK039,,False
S057,SK040,,False
S057,SK041,,False
S057,SK042,,False
S057,SK043,,False
S057,SK044,100.0,True
S057,SK045,33.3,True
S057,SK046,,False
S057,SK047,66.7,True
S057,SK048,66.7,True
S057,SK049,,False
S057,SK050,,False
S057,SK051,,False
S057,SK052,66.7,True
S057,SK053,,False
S057,SK054,33.3,True
S057,SK055,33.3,True
S057,SK056,,False
S057,SK057,66.7,True
S057,SK058,33.3,True
S057,SK059,100.0,True
S057,SK060,,False
S057,SK061,,False
S057,SK062,,False
S057,SK063,,False
S057,SK064,,False
S057,SK065,,False
S057,SK066,66.7,True
S057,SK067,,False
S057,SK068,33.3,True
S057,SK069,100.0,True
S057,SK070,66.7,True
S057,SK071,100.0,True
S057,SK072,66.7,True
S058,SK001,,False
S058,SK002,,False
S058,SK003,66.7,True
S058,SK004,66.7,True
S058,SK005,66.7,True
S058,SK006,,False
S058,SK007,,False
S058,SK008,,False
S058,SK009,66.7,True
S058,SK010,,False
S058,SK011,,False
S058,SK012,66.7,True
S058,SK013,,False
S058,SK014,66.7,True
S058,SK015,,False
S058,SK016,,False
S058,SK017,66.7,True
S058,SK018,,False
S058,SK019,66.7,True
S058,SK020,66.7,True
S058,SK021,100.0,True
S058,SK022,66.7,True
S058,SK023,66.7,True
S058,SK024,,False
S058,SK025,100.0,True
S058,SK026,33.3,True
S058,SK027,100.0,True
S058,SK028,100.0,True
S058,SK029,100.0,True
S058,SK030,,False
S058,SK031,100.0,True
S058,SK032,,False
S058,SK033,,False
S058,SK034,,False
S058,SK035,100.0,True
S058,SK036,100.0,True
S058,SK037,,False
S058,SK038,100.0,True
S058,SK039,0.0,True
S058,SK040,,False
S058,SK041,66.7,True
S058,SK042,66.7,True
S058,SK043,,False
S058,SK044,,False
S058,SK045,,False
S058,SK046,,False
S058,SK047,100.0,True
S058,SK048,33.3,True
S058,SK049,,False
S058,SK050,100.0,True
S058,SK051,33.3,True
S058,SK052,100.0,True
S058,SK053,66.7,True
S058,SK054,100.0,True
S058,SK055,,False
S058,SK056,66.7,True
S058,SK057,66.7,True
S058,SK058,,False
S058,SK059,100.0,True
S058,SK060,66.7,True
S058,SK061,,False
S058,SK062,,False
S058,SK063,,False
S058,SK064,,False
S058,SK065,,False
S058,SK066,66.7,True
S058,SK067,100.0,True
S058,SK068,100.0,True
S058,SK069,,False
S058,SK070,,False
S058,SK071,66.7,True
S058,SK072,,False
S059,SK001,33.3,True
S059,SK002,100.0,True
S059,SK003,,False
S059,SK004,,False
S059,SK005,33.3,True
S059,SK006,33.3,True
S059,SK007,100.0,True
S059,SK008,100.0,True
S059,SK009,66.7,True
S059,SK010,66.7,True
S059,SK011,33.3,True
S059,SK012,100.0,True
S059,SK013,,False
S059,SK014,66.7,True
S059,SK015,,False
S059,SK016,100.0,True
S059,SK017,66.7,True
S059,SK018,66.7,True
S059,SK019,33.3,True
S059,SK020,33.3,True
S059,SK021,,False
S059,SK022,,False
S059,SK023,,False
S059,SK024,,False
S059,SK025,66.7,True
S059,SK026,33.3,True
S059,SK027,100.0,True
S059,SK028,100.0,True
S059,SK029,,False
S059,SK030,,False
S059,SK031,100.0,True
S059,SK032,66.7,True
S059,SK033,66.7,True
S059,SK034,,False
S059,SK035,,False
S059,SK036,100.0,True
S059,SK037,,False
S059,SK038,,False
S059,SK039,,False
S059,SK040,66.7,True
S059,SK041,,False
S059,SK042,,False
S059,SK043,,False
S059,SK044,,False
S059,SK045,,False
S059,SK046,100.0,True
S059,SK047,,False
S059,SK048,,False
S059,SK049,33.3,True
S059,SK050,100.0,True
S059,SK051,100.0,True
S059,SK052,,False
S059,SK053,66.7,True
S059,SK054,,False
S059,SK055,,False
S059,SK056,,False
S059,SK057,66.7,True
S059,SK058,,False
S059,SK059,,False
S059,SK060,,False
S059,SK061,,False
S059,SK062,100.0,True
S059,SK063,,False
S059,SK064,100.0,True
S059,SK065,100.0,True
S059,SK066,,False
S059,SK067,,False
S059,SK068,100.0,True
S059,SK069,33.3,True
S059,SK070,33.3,True
S059,SK071,100.0,True
S059,SK072,,False
S060,SK001,100.0,True
S060,SK002,33.3,True
S060,SK003,,False
S060,SK004,100.0,True
S060,SK005,100.0,True
S060,SK006,66.7,True
S060,SK007,100.0,True
S060,SK008,,False
S060,SK009,,False
S060,SK010,66.7,True
S060,SK011,100.0,True
S060,SK012,100.0,True
S060,SK013,,False
S060,SK014,66.7,True
S060,SK015,,False
S060,SK016,,False
S060,SK017,100.0,True
S060,SK018,,False
S060,SK019,33.3,True
S060,SK020,66.7,True
S060,SK021,,False
S060,SK022,,False
S060,SK023,66.7,True
S060,SK024,100.0,True
S060,SK025,33.3,True
S060,SK026,100.0,True
S060,SK027,0.0,True
S060,SK028,,False
S060,SK029,33.3,True
S060,SK030,33.3,True
S060,SK031,,False
S060,SK032,66.7,True
S060,SK033,,False
S060,SK034,,False
S060,SK035,,False
S060,SK036,66.7,True
S060,SK037,66.7,True
S060,SK038,,False
S060,SK039,66.7,True
S060,SK040,66.7,True
S060,SK041,,False
S060,SK042,0.0,True
S060,SK043,66.7,True
S060,SK044,66.7,True
S060,SK045,,False
S060,SK046,66.7,True
S060,SK047,,False
S060,SK048,,False
S060,SK049,66.7,True
S060,SK050,66.7,True
S060,SK051,100.0,True
S060,SK052,66.7,True
S060,SK053,,False
S060,SK054,,False
S060,SK055,100.0,True
S060,SK056,,False
S060,SK057,33.3,True
S060,SK058,100.0,True
S060,SK059,33.3,True
S060,SK060,,False
S060,SK061,66.7,True
S060,SK062,66.7,True
S060,SK063,,False
S060,SK064,,False
S060,SK065,,False
S060,SK066,,False
S060,SK067,,False
S060,SK068,,False
S060,SK069,,False
S060,SK070,33.3,True
S060,SK071,66.7,True
S060,SK072,,False
S061,SK001,100.0,True
S061,SK002,,False
S061,SK003,,False
S061,SK004,,False
S061,SK005,,False
S061,SK006,66.7,True
S061,SK007,100.0,True
S061,SK008,66.7,True
S061,SK009,100.0,True
S061,SK010,,False
S061,SK011,66.7,True
S061,SK012,,False
S061,SK013,0.0,True
S061,SK014,33.3,True
S061,SK015,66.7,True
S061,SK016,100.0,True
S061,SK017,,False
S061,SK018,66.7,True
S061,SK019,100.0,True
S061,SK020,,False
S061,SK021,100.0,True
S061,SK022,100.0,True
S061,SK023,,False
S061,SK024,,False
S061,SK025,66.7,True
S061,SK026,,False
S061,SK027,,False
S061,SK028,33.3,True
S061,SK029,,False
S061,SK030,,False
S061,SK031,33.3,True
S061,SK032,33.3,True
S061,SK033,,False
S061,SK034,,False
S061,SK035,66.7,True
S061,SK036,66.7,True
S061,SK037,,False
S061,SK038,,False
S061,SK039,,False
S061,SK040,66.7,True
S061,SK041,,False
S061,SK042,,False
S061,SK043,66.7,True
S061,SK044,66.7,True
S061,SK045,,False
S061,SK046,,False
S061,SK047,100.0,True
S061,SK048,,False
S061,SK049,,False
S061,SK050,,False
S061,SK051,,False
S061,SK052,66.7,True
S061,SK053,,False
S061,SK054,66.7,True
S061,SK055,66.7,True
S061,SK056,100.0,True
S061,SK057,100.0,True
S061,SK058,100.0,True
S061,SK059,33.3,True
S061,SK060,100.0,True
S061,SK061,66.7,True
S061,SK062,,False
S061,SK063,100.0,True
S061,SK064,100.0,True
S061,SK065,,False
S061,SK066,66.7,True
S061,SK067,,False
S061,SK068,,False
S061,SK069,,False
S061,SK070,66.7,True
S061,SK071,,False
S061,SK072,66.7,True
S062,SK001,,False
S062,SK002,,False
S062,SK003,33.3,True
S062,SK004,,False
S062,SK005,100.0,True
S062,SK006,100.0,True
S062,SK007,66.7,True
S062,SK008,100.0,True
S062,SK009,,False
S062,SK010,,False
S062,SK011,100.0,True
S062,SK012,,False
S062,SK013,0.0,True
S062,SK014,,False
S062,SK015,100.0,True
S062,SK016,,False
S062,SK017,,False
S062,SK018,100.0,True
S062,SK019,,False
S062,SK020,,False
S062,SK021,66.7,True
S062,SK022,66.7,True
S062,SK023,,False
S062,SK024,66.7,True
S062,SK025,66.7,True
S062,SK026,66.7,True
S062,SK027,,False
S062,SK028,66.7,True
S062,SK029,66.7,True
S062,SK030,,False
S062,SK031,,False
S062,SK032,66.7,True
S062,SK033,,False
S062,SK034,,False
S062,SK035,66.7,True
S062,SK036,,False
S062,SK037,100.0,True
S062,SK038,66.7,True
S062,SK039,100.0,True
S062,SK040,66.7,True
S062,SK041,100.0,True
S062,SK042,,False
S062,SK043,33.3,True
S062,SK044,66.7,True
S062,SK045,66.7,True
S062,SK046,100.0,True
S062,SK047,66.7,True
S062,SK048,66.7,True
S062,SK049,,False
S062,SK050,,False
S062,SK051,33.3,True
S062,SK052,100.0,True
S062,SK053,,False
S062,SK054,66.7,True
S062,SK055,33.3,True
S062,SK056,,False
S062,SK057,,False
S062,SK058,100.0,True
S062,SK059,,False
S062,SK060,,False
S062,SK061,,False
S062,SK062,33.3,True
S062,SK063,,False
S062,SK064,100.0,True
S062,SK065,,False
S062,SK066,,False
S062,SK067,,False
S062,SK068,,False
S062,SK069,100.0,True
S062,SK070,,False
S062,SK071,66.7,True
S062,SK072,100.0,True
S063,SK001,66.7,True
S063,SK002,,False
S063,SK003,66.7,True
S063,SK004,,False
S063,SK005,,False
S063,SK006,,False
S063,SK007,100.0,True
S063,SK008,,False
S063,SK009,,False
S063,SK010,,False
S063,SK011,66.7,True
S063,SK012,,False
S063,SK013,100.0,True
S063,SK014,66.7,True
S063,SK015,33.3,True
S063,SK016,66.7,True
S063,SK017,100.0,True
S063,SK018,100.0,True
S063,SK019,,False
S063,SK020,,False
S063,SK021,,False
S063,SK022,66.7,True
S063,SK023,100.0,True
S063,SK024,66.7,True
S063,SK025,,False
S063,SK026,66.7,True
S063,SK027,,False
S063,SK028,,False
S063,SK029,66.7,True
S063,SK030,100.0,True
S063,SK031,100.0,True
S063,SK032,66.7,True
S063,SK033,100.0,True
S063,SK034,,False
S063,SK035,100.0,True
S063,SK036,100.0,True
S063,SK037,100.0,True
S063,SK038,,False
S063,SK039,,False
S063,SK040,,False
S063,SK041,,False
S063,SK042,66.7,True
S063,SK043,,False
S063,SK044,,False
S063,SK045,100.0,True
S063,SK046,,False
S063,SK047,100.0,True
S063,SK048,66.7,True
S063,SK049,100.0,True
S063,SK050,,False
S063,SK051,100.0,True
S063,SK052,100.0,True
S063,SK053,100.0,True
S063,SK054,66.7,True
S063,SK055,66.7,True
S063,SK056,,False
S063,SK057,66.7,True
S063,SK058,,False
S063,SK059,,False
S063,SK060,,False
S063,SK061,,False
S063,SK062,100.0,True
S063,SK063,,False
S063,SK064,,False
S063,SK065,,False
S063,SK066,,False
S063,SK067,,False
S063,SK068,33.3,True
S063,SK069,100.0,True
S063,SK070,,False
S063,SK071,100.0,True
S063,SK072,100.0,True
S064,SK001,33.3,True
S064,SK002,,False
S064,SK003,66.7,True
S064,SK004,,False
S064,SK005,100.0,True
S064,SK006,,False
S064,SK007,100.0,True
S064,SK008,,False
S064,SK009,,False
S064,SK010,,False
S064,SK011,,False
S064,SK012,,False
S064,SK013,33.3,True
S064,SK014,66.7,True
S064,SK015,100.0,True
S064,SK016,100.0,True
S064,SK017,33.3,True
S064,SK018,66.7,True
S064,SK019,,False
S064,SK020,66.7,True
S064,SK021,100.0,True
S064,SK022,33.3,True
S064,SK023,,False
S064,SK024,33.3,True
S064,SK025,,False
S064,SK026,100.0,True
S064,SK027,,False
S064,SK028,,False
S064,SK029,,False
S064,SK030,,False
S064,SK031,,False
S064,SK032,,False
S064,SK033,66.7,True
S064,SK034,66.7,True
S064,SK035,,False
S064,SK036,100.0,True
S064,SK037,66.7,True
S064,SK038,100.0,True
S064,SK039,,False
S064,SK040,66.7,True
S064,SK041,66.7,True
S064,SK042,66.7,True
S064,SK043,,False
S064,SK044,100.0,True
S064,SK045,100.0,True
S064,SK046,66.7,True
S064,SK047,,False
S064,SK048,100.0,True
S064,SK049,,False
S064,SK050,33.3,True
S064,SK051,66.7,True
S064,SK052,66.7,True
S064,SK053,100.0,True
S064,SK054,100.0,True
S064,SK055,33.3,True
S064,SK056,,False
S064,SK057,,False
S064,SK058,,False
S064,SK059,100.0,True
S064,SK060,66.7,True
S064,SK061,66.7,True
S064,SK062,100.0,True
S064,SK063,66.7,True
S064,SK064,,False
S064,SK065,,False
S064,SK066,66.7,True
S064,SK067,66.7,True
S064,SK068,,False
S064,SK069,33.3,True
S064,SK070,,False
S064,SK071,,False
S064,SK072,100.0,True
S065,SK001,100.0,True
S065,SK002,,False
S065,SK003,,False
S065,SK004,0.0,True
S065,SK005,,False
S065,SK006,,False
S065,SK007,66.7,True
S065,SK008,33.3,True
S065,SK009,,False
S065,SK010,66.7,True
S065,SK011,100.0,True
S065,SK012,100.0,True
S065,SK013,100.0,True
S065,SK014,,False
S065,SK015,66.7,True
S065,SK016,66.7,True
S065,SK017,,False
S065,SK018,100.0,True
S065,SK019,66.7,True
S065,SK020,33.3,True
S065,SK021,66.7,True
S065,SK022,66.7,True
S065,SK023,,False
S065,SK024,,False
S065,SK025,,False
S065,SK026,33.3,True
S065,SK027,,False
S065,SK028,,False
S065,SK029,100.0,True
S065,SK030,100.0,True
S065,SK031,,False
S065,SK032,,False
S065,SK033,100.0,True
S065,SK034,,False
S065,SK035,33.3,True
S065,SK036,,False
S065,SK037,66.7,True
S065,SK038,33.3,True
S065,SK039,66.7,True
S065,SK040,,False
S065,SK041,,False
S065,SK042,0.0,True
S065,SK043,0.0,True
S065,SK044,100.0,True
S065,SK045,100.0,True
S065,SK046,66.7,True
S065,SK047,66.7,True
S065,SK048,,False
S065,SK049,66.7,True
S065,SK050,66.7,True
S065,SK051,,False
S065,SK052,,False
S065,SK053,,False
S065,SK054,66.7,True
S065,SK055,66.7,True
S065,SK056,,False
S065,SK057,66.7,True
S065,SK058,66.7,True
S065,SK059,,False
S065,SK060,100.0,True
S065,SK061,100.0,True
S065,SK062,,False
S065,SK063,100.0,True
S065,SK064,,False
S065,SK065,,False
S065,SK066,,False
S065,SK067,66.7,True
S065,SK068,,False
S065,SK069,,False
S065,SK070,,False
S065,SK071,100.0,True
S065,SK072,,False
S066,SK001,66.7,True
S066,SK002,,False
S066,SK003,33.3,True
S066,SK004,33.3,True
S066,SK005,66.7,True
S066,SK006,100.0,True
S066,SK007,66.7,True
S066,SK008,100.0,True
S066,SK009,100.0,True
S066,SK010,,False
S066,SK011,100.0,True
S066,SK012,,False
S066,SK013,66.7,True
S066,SK014,,False
S066,SK015,,False
S066,SK016,33.3,True
S066,SK017,100.0,True
S066,SK018,100.0,True
S066,SK019,33.3,True
S066,SK020,,False
S066,SK021,,False
S066,SK022,,False
S066,SK023,,False
S066,SK024,33.3,True
S066,SK025,66.7,True
S066,SK026,,False
S066,SK027,100.0,True
S066,SK028,,False
S066,SK029,,False
S066,SK030,,False
S066,SK031,100.0,True
S066,SK032,,False
S066,SK033,,False
S066,SK034,,False
S066,SK035,,False
S066,SK036,100.0,True
S066,SK037,,False
S066,SK038,,False
S066,SK039,,False
S066,SK040,100.0,True
S066,SK041,66.7,True
S066,SK042,66.7,True
S066,SK043,100.0,True
S066,SK044,,False
S066,SK045,66.7,True
S066,SK046,66.7,True
S066,SK047,66.7,True
S066,SK048,100.0,True
S066,SK049,,False
S066,SK050,,False
S066,SK051,66.7,True
S066,SK052,,False
S066,SK053,100.0,True
S066,SK054,,False
S066,SK055,,False
S066,SK056,,False
S066,SK057,,False
S066,SK058,100.0,True
S066,SK059,33.3,True
S066,SK060,,False
S066,SK061,,False
S066,SK062,66.7,True
S066,SK063,100.0,True
S066,SK064,100.0,True
S066,SK065,,False
S066,SK066,100.0,True
S066,SK067,,False
S066,SK068,,False
S066,SK069,,False
S066,SK070,100.0,True
S066,SK071,100.0,True
S066,SK072,66.7,True
S067,SK001,66.7,True
S067,SK002,100.0,True
S067,SK003,,False
S067,SK004,,False
S067,SK005,66.7,True
S067,SK006,66.7,True
S067,SK007,,False
S067,SK008,66.7,True
S067,SK009,100.0,True
S067,SK010,0.0,True
S067,SK011,100.0,True
S067,SK012,66.7,True
S067,SK013,66.7,True
S067,SK014,,False
S067,SK015,,False
S067,SK016,,False
S067,SK017,100.0,True
S067,SK018,,False
S067,SK019,33.3,True
S067,SK020,66.7,True
S067,SK021,66.7,True
S067,SK022,66.7,True
S067,SK023,66.7,True
S067,SK024,66.7,True
S067,SK025,66.7,True
S067,SK026,,False
S067,SK027,,False
S067,SK028,,False
S067,SK029,66.7,True
S067,SK030,,False
S067,SK031,66.7,True
S067,SK032,33.3,True
S067,SK033,,False
S067,SK034,66.7,True
S067,SK035,66.7,True
S067,SK036,,False
S067,SK037,66.7,True
S067,SK038,,False
S067,SK039,,False
S067,SK040,,False
S067,SK041,,False
S067,SK042,66.7,True
S067,SK043,33.3,True
S067,SK044,,False
S067,SK045,66.7,True
S067,SK046,,False
S067,SK047,,False
S067,SK048,66.7,True
S067,SK049,,False
S067,SK050,,False
S067,SK051,66.7,True
S067,SK052,66.7,True
S067,SK053,33.3,True
S067,SK054,100.0,True
S067,SK055,,False
S067,SK056,100.0,True
S067,SK057,33.3,True
S067,SK058,66.7,True
S067,SK059,,False
S067,SK060,,False
S067,SK061,66.7,True
S067,SK062,66.7,True
S067,SK063,100.0,True
S067,SK064,,False
S067,SK065,,False
S067,SK066,,False
S067,SK067,100.0,True
S067,SK068,66.7,True
S067,SK069,66.7,True
S067,SK070,66.7,True
S067,SK071,,False
S067,SK072,,False
S068,SK001,66.7,True
S068,SK002,,False
S068,SK003,,False
S068,SK004,,False
S068,SK005,100.0,True
S068,SK006,66.7,True
S068,SK007,66.7,True
S068,SK008,66.7,True
S068,SK009,100.0,True
S068,SK010,66.7,True
S068,SK011,,False
S068,SK012,,False
S068,SK013,66.7,True
S068,SK014,,False
S068,SK015,66.7,True
S068,SK016,100.0,True
S068,SK017,66.7,True
S068,SK018,100.0,True
S068,SK019,66.7,True
S068,SK020,100.0,True
S068,SK021,33.3,True
S068,SK022,33.3,True
S068,SK023,66.7,True
S068,SK024,66.7,True
S068,SK025,100.0,True
S068,SK026,,False
S068,SK027,,False
S068,SK028,,False
S068,SK029,,False
S068,SK030,,False
S068,SK031,,False
S068,SK032,,False
S068,SK033,,False
S068,SK034,100.0,True
S068,SK035,,False
S068,SK036,,False
S068,SK037,,False
S068,SK038,100.0,True
S068,SK039,,False
S068,SK040,100.0,True
S068,SK041,,False
S068,SK042,,False
S068,SK043,,False
S068,SK044,66.7,True
S068,SK045,,False
S068,SK046,,False
S068,SK047,,False
S068,SK048,100.0,True
S068,SK049,100.0,True
S068,SK050,66.7,True
S068,SK051,100.0,True
S068,SK052,,False
S068,SK053,100.0,True
S068,SK054,,False
S068,SK055,,False
S068,SK056,66.7,True
S068,SK057,66.7,True
S068,SK058,100.0,True
S068,SK059,,False
S068,SK060,100.0,True
S068,SK061,66.7,True
S068,SK062,,False
S068,SK063,33.3,True
S068,SK064,66.7,True
S068,SK065,,False
S068,SK066,33.3,True
S068,SK067,,False
S068,SK068,66.7,True
S068,SK069,,False
S068,SK070,,False
S068,SK071,100.0,True
S068,SK072,66.7,True
S069,SK001,,False
S069,SK002,100.0,True
S069,SK003,100.0,True
S069,SK004,,False
S069,SK005,33.3,True
S069,SK006,66.7,True
S069,SK007,100.0,True
S069,SK008,100.0,True
S069,SK009,100.0,True
S069,SK010,66.7,True
S069,SK011,66.7,True
S069,SK012,66.7,True
S069,SK013,66.7,True
S069,SK014,,False
S069,SK015,,False
S069,SK016,,False
S069,SK017,66.7,True
S069,SK018,100.0,True
S069,SK019,,False
S069,SK020,,False
S069,SK021,66.7,True
S069,SK022,,False
S069,SK023,,False
S069,SK024,100.0,True
S069,SK025,,False
S069,SK026,100.0,True
S069,SK027,66.7,True
S069,SK028,100.0,True
S069,SK029,100.0,True
S069,SK030,33.3,True
S069,SK031,100.0,True
S069,SK032,33.3,True
S069,SK033,,False
S069,SK034,66.7,True
S069,SK035,,False
S069,SK036,33.3,True
S069,SK037,100.0,True
S069,SK038,100.0,True
S069,SK039,33.3,True
S069,SK040,,False
S069,SK041,,False
S069,SK042,,False
S069,SK043,100.0,True
S069,SK044,66.7,True
S069,SK045,33.3,True
S069,SK046,66.7,True
S069,SK047,100.0,True
S069,SK048,,False
S069,SK049,66.7,True
S069,SK050,,False
S069,SK051,,False
S069,SK052,66.7,True
S069,SK053,,False
S069,SK054,,False
S069,SK055,,False
S069,SK056,100.0,True
S069,SK057,100.0,True
S069,SK058,66.7,True
S069,SK059,,False
S069,SK060,,False
S069,SK061,,False
S069,SK062,66.7,True
S069,SK063,100.0,True
S069,SK064,,False
S069,SK065,,False
S069,SK066,66.7,True
S069,SK067,,False
S069,SK068,100.0,True
S069,SK069,,False
S069,SK070,,False
S069,SK071,,False
S069,SK072,100.0,True
S070,SK001,66.7,True
S070,SK002,,False
S070,SK003,33.3,True
S070,SK004,,False
S070,SK005,100.0,True
S070,SK006,100.0,True
S070,SK007,100.0,True
S070,SK008,,False
S070,SK009,66.7,True
S070,SK010,100.0,True
S070,SK011,,False
S070,SK012,,False
S070,SK013,100.0,True
S070,SK014,33.3,True
S070,SK015,,False
S070,SK016,,False
S070,SK017,100.0,True
S070,SK018,66.7,True
S070,SK019,66.7,True
S070,SK020,,False
S070,SK021,66.7,True
S070,SK022,66.7,True
S070,SK023,,False
S070,SK024,,False
S070,SK025,,False
S070,SK026,100.0,True
S070,SK027,,False
S070,SK028,33.3,True
S070,SK029,,False
S070,SK030,66.7,True
S070,SK031,,False
S070,SK032,,False
S070,SK033,33.3,True
S070,SK034,33.3,True
S070,SK035,33.3,True
S070,SK036,66.7,True
S070,SK037,33.3,True
S070,SK038,,False
S070,SK039,66.7,True
S070,SK040,,False
S070,SK041,,False
S070,SK042,66.7,True
S070,SK043,66.7,True
S070,SK044,,False
S070,SK045,66.7,True
S070,SK046,33.3,True
S070,SK047,,False
S070,SK048,33.3,True
S070,SK049,,False
S070,SK050,66.7,True
S070,SK051,66.7,True
S070,SK052,100.0,True
S070,SK053,,False
S070,SK054,,False
S070,SK055,,False
S070,SK056,100.0,True
S070,SK057,,False
S070,SK058,100.0,True
S070,SK059,100.0,True
S070,SK060,33.3,True
S070,SK061,,False
S070,SK062,,False
S070,SK063,33.3,True
S070,SK064,33.3,True
S070,SK065,,False
S070,SK066,100.0,True
S070,SK067,,False
S070,SK068,,False
S070,SK069,,False
S070,SK070,33.3,True
S070,SK071,,False
S070,SK072,,False
S071,SK001,100.0,True
S071,SK002,66.7,True
S071,SK003,,False
S071,SK004,,False
S071,SK005,100.0,True
S071,SK006,,False
S071,SK007,,False
S071,SK008,100.0,True
S071,SK009,33.3,True
S071,SK010,33.3,True
S071,SK011,66.7,True
S071,SK012,,False
S071,SK013,66.7,True
S071,SK014,33.3,True
S071,SK015,,False
S071,SK016,100.0,True
S071,SK017,100.0,True
S071,SK018,100.0,True
S071,SK019,66.7,True
S071,SK020,66.7,True
S071,SK021,,False
S071,SK022,100.0,True
S071,SK023,100.0,True
S071,SK024,100.0,True
S071,SK025,,False
S071,SK026,100.0,True
S071,SK027,100.0,True
S071,SK028,100.0,True
S071,SK029,100.0,True
S071,SK030,,False
S071,SK031,66.7,True
S071,SK032,,False
S071,SK033,,False
S071,SK034,33.3,True
S071,SK035,100.0,True
S071,SK036,33.3,True
S071,SK037,100.0,True
S071,SK038,,False
S071,SK039,66.7,True
S071,SK040,,False
S071,SK041,,False
S071,SK042,,False
S071,SK043,,False
S071,SK044,100.0,True
S071,SK045,33.3,True
S071,SK046,,False
S071,SK047,100.0,True
S071,SK048,,False
S071,SK049,66.7,True
S071,SK050,,False
S071,SK051,,False
S071,SK052,66.7,True
S071,SK053,,False
S071,SK054,,False
S071,SK055,,False
S071,SK056,33.3,True
S071,SK057,,False
S071,SK058,,False
S071,SK059,100.0,True
S071,SK060,,False
S071,SK061,,False
S071,SK062,,False
S071,SK063,33.3,True
S071,SK064,66.7,True
S071,SK065,33.3,True
S071,SK066,66.7,True
S071,SK067,66.7,True
S071,SK068,,False
S071,SK069,0.0,True
S071,SK070,,False
S071,SK071,66.7,True
S071,SK072,100.0,True
S072,SK001,,False
S072,SK002,33.3,True
S072,SK003,66.7,True
S072,SK004,100.0,True
S072,SK005,66.7,True
S072,SK006,,False
S072,SK007,66.7,True
S072,SK008,,False
S072,SK009,66.7,True
S072,SK010,66.7,True
S072,SK011,,False
S072,SK012,,False
S072,SK013,66.7,True
S072,SK014,,False
S072,SK015,,False
S072,SK016,,False
S072,SK017,66.7,True
S072,SK018,,False
S072,SK019,,False
S072,SK020,,False
S072,SK021,,False
S072,SK022,,False
S072,SK023,66.7,True
S072,SK024,0.0,True
S072,SK025,,False
S072,SK026,66.7,True
S072,SK027,,False
S072,SK028,66.7,True
S072,SK029,100.0,True
S072,SK030,,False
S072,SK031,,False
S072,SK032,33.3,True
S072,SK033,66.7,True
S072,SK034,33.3,True
S072,SK035,33.3,True
S072,SK036,66.7,True
S072,SK037,,False
S072,SK038,,False
S072,SK039,66.7,True
S072,SK040,100.0,True
S072,SK041,,False
S072,SK042,66.7,True
S072,SK043,100.0,True
S072,SK044,,False
S072,SK045,66.7,True
S072,SK046,100.0,True
S072,SK047,66.7,True
S072,SK048,,False
S072,SK049,66.7,True
S072,SK050,100.0,True
S072,SK051,66.7,True
S072,SK052,66.7,True
S072,SK053,66.7,True
S072,SK054,100.0,True
S072,SK055,100.0,True
S072,SK056,66.7,True
S072,SK057,,False
S072,SK058,100.0,True
S072,SK059,100.0,True
S072,SK060,,False
S072,SK061,,False
S072,SK062,,False
S072,SK063,33.3,True
S072,SK064,66.7,True
S072,SK065,,False
S072,SK066,,False
S072,SK067,,False
S072,SK068,66.7,True
S072,SK069,,False
S072,SK070,100.0,True
S072,SK071,33.3,True
S072,SK072,100.0,True
S073,SK001,33.3,True
S073,SK002,66.7,True
S073,SK003,66.7,True
S073,SK004,,False
S073,SK005,,False
S073,SK006,33.3,True
S073,SK007,,False
S073,SK008,,False
S073,SK009,66.7,True
S073,SK010,100.0,True
S073,SK011,,False
S073,SK012,,False
S073,SK013,100.0,True
S073,SK014,66.7,True
S073,SK015,100.0,True
S073,SK016,,False
S073,SK017,100.0,True
S073,SK018,66.7,True
S073,SK019,33.3,True
S073,SK020,33.3,True
S073,SK021,66.7,True
S073,SK022,,False
S073,SK023,,False
S073,SK024,,False
S073,SK025,,False
S073,SK026,66.7,True
S073,SK027,33.3,True
S073,SK028,,False
S073,SK029,,False
S073,SK030,,False
S073,SK031,33.3,True
S073,SK032,,False
S073,SK033,,False
S073,SK034,,False
S073,SK035,,False
S073,SK036,,False
S073,SK037,66.7,True
S073,SK038,66.7,True
S073,SK039,100.0,True
S073,SK040,,False
S073,SK041,100.0,True
S073,SK042,100.0,True
S073,SK043,,False
S073,SK044,,False
S073,SK045,66.7,True
S073,SK046,66.7,True
S073,SK047,100.0,True
S073,SK048,,False
S073,SK049,66.7,True
S073,SK050,33.3,True
S073,SK051,66.7,True
S073,SK052,100.0,True
S073,SK053,,False
S073,SK054,66.7,True
S073,SK055,,False
S073,SK056,66.7,True
S073,SK057,66.7,True
S073,SK058,,False
S073,SK059,,False
S073,SK060,,False
S073,SK061,66.7,True
S073,SK062,,False
S073,SK063,100.0,True
S073,SK064,66.7,True
S073,SK065,33.3,True
S073,SK066,33.3,True
S073,SK067,100.0,True
S073,SK068,100.0,True
S073,SK069,,False
S073,SK070,33.3,True
S073,SK071,33.3,True
S073,SK072,66.7,True
S074,SK001,100.0,True
S074,SK002,,False
S074,SK003,,False
S074,SK004,100.0,True
S074,SK005,,False
S074,SK006,,False
S074,SK007,,False
S074,SK008,100.0,True
S074,SK009,,False
S074,SK010,,False
S074,SK011,66.7,True
S074,SK012,,False
S074,SK013,100.0,True
S074,SK014,,False
S074,SK015,,False
S074,SK016,66.7,True
S074,SK017,66.7,True
S074,SK018,,False
S074,SK019,66.7,True
S074,SK020,100.0,True
S074,SK021,100.0,True
S074,SK022,,False
S074,SK023,,False
S074,SK024,,False
S074,SK025,66.7,True
S074,SK026,,False
S074,SK027,,False
S074,SK028,,False
S074,SK029,,False
S074,SK030,33.3,True
S074,SK031,,False
S074,SK032,66.7,True
S074,SK033,,False
S074,SK034,33.3,True
S074,SK035,,False
S074,SK036,,False
S074,SK037,66.7,True
S074,SK038,33.3,True
S074,SK039,100.0,True
S074,SK040,100.0,True
S074,SK041,,False
S074,SK042,100.0,True
S074,SK043,,False
S074,SK044,66.7,True
S074,SK045,33.3,True
S074,SK046,,False
S074,SK047,100.0,True
S074,SK048,,False
S074,SK049,66.7,True
S074,SK050,,False
S074,SK051,66.7,True
S074,SK052,33.3,True
S074,SK053,66.7,True
S074,SK054,,False
S074,SK055,,False
S074,SK056,100.0,True
S074,SK057,100.0,True
S074,SK058,33.3,True
S074,SK059,66.7,True
S074,SK060,33.3,True
S074,SK061,,False
S074,SK062,66.7,True
S074,SK063,,False
S074,SK064,66.7,True
S074,SK065,,False
S074,SK066,100.0,True
S074,SK067,66.7,True
S074,SK068,,False
S074,SK069,100.0,True
S074,SK070,100.0,True
S074,SK071,33.3,True
S074,SK072,100.0,True
S075,SK001,,False
S075,SK002,33.3,True
S075,SK003,,False
S075,SK004,100.0,True
S075,SK005,,False
S075,SK006,66.7,True
S075,SK007,33.3,True
S075,SK008,100.0,True
S075,SK009,,False
S075,SK010,66.7,True
S075,SK011,,False
S075,SK012,,False
S075,SK013,,False
S075,SK014,,False
S075,SK015,,False
S075,SK016,100.0,True
S075,SK017,,False
S075,SK018,,False
S075,SK019,,False
S075,SK020,,False
S075,SK021,100.0,True
S075,SK022,,False
S075,SK023,,False
S075,SK024,100.0,True
S075,SK025,66.7,True
S075,SK026,33.3,True
S075,SK027,,False
S075,SK028,,False
S075,SK029,100.0,True
S075,SK030,33.3,True
S075,SK031,,False
S075,SK032,66.7,True
S075,SK033,33.3,True
S075,SK034,100.0,True
S075,SK035,0.0,True
S075,SK036,100.0,True
S075,SK037,100.0,True
S075,SK038,,False
S075,SK039,66.7,True
S075,SK040,,False
S075,SK041,100.0,True
S075,SK042,,False
S075,SK043,66.7,True
S075,SK044,66.7,True
S075,SK045,,False
S075,SK046,100.0,True
S075,SK047,66.7,True
S075,SK048,,False
S075,SK049,,False
S075,SK050,,False
S075,SK051,,False
S075,SK052,,False
S075,SK053,,False
S075,SK054,100.0,True
S075,SK055,33.3,True
S075,SK056,66.7,True
S075,SK057,66.7,True
S075,SK058,33.3,True
S075,SK059,,False
S075,SK060,,False
S075,SK061,100.0,True
S075,SK062,,False
S075,SK063,66.7,True
S075,SK064,,False
S075,SK065,66.7,True
S075,SK066,100.0,True
S075,SK067,100.0,True
S075,SK068,66.7,True
S075,SK069,100.0,True
S075,SK070,,False
S075,SK071,100.0,True
S075,SK072,33.3,True
S076,SK001,,False
S076,SK002,66.7,True
S076,SK003,,False
S076,SK004,,False
S076,SK005,66.7,True
S076,SK006,33.3,True
S076,SK007,,False
S076,SK008,,False
S076,SK009,,False
S076,SK010,,False
S076,SK011,66.7,True
S076,SK012,33.3,True
S076,SK013,33.3,True
S076,SK014,,False
S076,SK015,,False
S076,SK016,66.7,True
S076,SK017,66.7,True
S076,SK018,,False
S076,SK019,33.3,True
S076,SK020,,False
S076,SK021,66.7,True
S076,SK022,,False
S076,SK023,,False
S076,SK024,66.7,True
S076,SK025,66.7,True
S076,SK026,100.0,True
S076,SK027,66.7,True
S076,SK028,,False
S076,SK029,33.3,True
S076,SK030,,False
S076,SK031,33.3,True
S076,SK032,66.7,True
S076,SK033,,False
S076,SK034,,False
S076,SK035,,False
S076,SK036,66.7,True
S076,SK037,33.3,True
S076,SK038,33.3,True
S076,SK039,33.3,True
S076,SK040,,False
S076,SK041,100.0,True
S076,SK042,,False
S076,SK043,,False
S076,SK044,,False
S076,SK045,33.3,True
S076,SK046,,False
S076,SK047,66.7,True
S076,SK048,66.7,True
S076,SK049,33.3,True
S076,SK050,,False
S076,SK051,,False
S076,SK052,,False
S076,SK053,,False
S076,SK054,66.7,True
S076,SK055,33.3,True
S076,SK056,33.3,True
S076,SK057,66.7,True
S076,SK058,,False
S076,SK059,33.3,True
S076,SK060,100.0,True
S076,SK061,,False
S076,SK062,,False
S076,SK063,66.7,True
S076,SK064,100.0,True
S076,SK065,,False
S076,SK066,100.0,True
S076,SK067,,False
S076,SK068,66.7,True
S076,SK069,,False
S076,SK070,33.3,True
S076,SK071,100.0,True
S076,SK072,100.0,True
S077,SK001,100.0,True
S077,SK002,100.0,True
S077,SK003,,False
S077,SK004,33.3,True
S077,SK005,,False
S077,SK006,,False
S077,SK007,,False
S077,SK008,66.7,True
S077,SK009,66.7,True
S077,SK010,100.0,True
S077,SK011,66.7,True
S077,SK012,33.3,True
S077,SK013,66.7,True
S077,SK014,66.7,True
S077,SK015,66.7,True
S077,SK016,100.0,True
S077,SK017,100.0,True
S077,SK018,100.0,True
S077,SK019,,False
S077,SK020,100.0,True
S077,SK021,,False
S077,SK022,,False
S077,SK023,66.7,True
S077,SK024,,False
S077,SK025,66.7,True
S077,SK026,66.7,True
S077,SK027,100.0,True
S077,SK028,,False
S077,SK029,66.7,True
S077,SK030,66.7,True
S077,SK031,,False
S077,SK032,,False
S077,SK033,66.7,True
S077,SK034,,False
S077,SK035,100.0,True
S077,SK036,66.7,True
S077,SK037,,False
S077,SK038,,False
S077,SK039,,False
S077,SK040,100.0,True
S077,SK041,,False
S077,SK042,100.0,True
S077,SK043,100.0,True
S077,SK044,,False
S077,SK045,,False
S077,SK046,,False
S077,SK047,100.0,True
S077,SK048,66.7,True
S077,SK049,,False
S077,SK050,100.0,True
S077,SK051,,False
S077,SK052,,False
S077,SK053,,False
S077,SK054,33.3,True
S077,SK055,,False
S077,SK056,,False
S077,SK057,,False
S077,SK058,33.3,True
S077,SK059,,False
S077,SK060,,False
S077,SK061,66.7,True
S077,SK062,,False
S077,SK063,100.0,True
S077,SK064,,False
S077,SK065,,False
S077,SK066,,False
S077,SK067,66.7,True
S077,SK068,33.3,True
S077,SK069,,False
S077,SK070,33.3,True
S077,SK071,33.3,True
S077,SK072,,False
S078,SK001,,False
S078,SK002,33.3,True
S078,SK003,66.7,True
S078,SK004,100.0,True
S078,SK005,,False
S078,SK006,,False
S078,SK007,66.7,True
S078,SK008,66.7,True
S078,SK009,,False
S078,SK010,,False
S078,SK011,,False
S078,SK012,66.7,True
S078,SK013,,False
S078,SK014,66.7,True
S078,SK015,33.3,True
S078,SK016,0.0,True
S078,SK017,66.7,True
S078,SK018,66.7,True
S078,SK019,66.7,True
S078,SK020,33.3,True
S078,SK021,66.7,True
S078,SK022,,False
S078,SK023,,False
S078,SK024,,False
S078,SK025,66.7,True
S078,SK026,,False
S078,SK027,33.3,True
S078,SK028,33.3,True
S078,SK029,0.0,True
S078,SK030,33.3,True
S078,SK031,,False
S078,SK032,,False
S078,SK033,33.3,True
S078,SK034,,False
S078,SK035,,False
S078,SK036,,False
S078,SK037,100.0,True
S078,SK038,33.3,True
S078,SK039,,False
S078,SK040,,False
S078,SK041,66.7,True
S078,SK042,100.0,True
S078,SK043,66.7,True
S078,SK044,33.3,True
S078,SK045,66.7,True
S078,SK046,,False
S078,SK047,,False
S078,SK048,,False
S078,SK049,,False
S078,SK050,33.3,True
S078,SK051,66.7,True
S078,SK052,,False
S078,SK053,,False
S078,SK054,66.7,True
S078,SK055,,False
S078,SK056,,False
S078,SK057,,False
S078,SK058,,False
S078,SK059,,False
S078,SK060,66.7,True
S078,SK061,66.7,True
S078,SK062,66.7,True
S078,SK063,100.0,True
S078,SK064,66.7,True
S078,SK065,100.0,True
S078,SK066,,False
S078,SK067,,False
S078,SK068,,False
S078,SK069,33.3,True
S078,SK070,,False
S078,SK071,100.0,True
S078,SK072,,False
S079,SK001,33.3,True
S079,SK002,100.0,True
S079,SK003,,False
S079,SK004,66.7,True
S079,SK005,66.7,True
S079,SK006,,False
S079,SK007,66.7,True
S079,SK008,,False
S079,SK009,,False
S079,SK010,,False
S079,SK011,66.7,True
S079,SK012,,False
S079,SK013,33.3,True
S079,SK014,33.3,True
S079,SK015,100.0,True
S079,SK016,66.7,True
S079,SK017,66.7,True
S079,SK018,,False
S079,SK019,,False
S079,SK020,66.7,True
S079,SK021,,False
S079,SK022,33.3,True
S079,SK023,,False
S079,SK024,,False
S079,SK025,,False
S079,SK026,100.0,True
S079,SK027,,False
S079,SK028,33.3,True
S079,SK029,,False
S079,SK030,,False
S079,SK031,66.7,True
S079,SK032,100.0,True
S079,SK033,100.0,True
S079,SK034,100.0,True
S079,SK035,66.7,True
S079,SK036,,False
S079,SK037,,False
S079,SK038,100.0,True
S079,SK039,100.0,True
S079,SK040,,False
S079,SK041,66.7,True
S079,SK042,,False
S079,SK043,100.0,True
S079,SK044,100.0,True
S079,SK045,66.7,True
S079,SK046,,False
S079,SK047,66.7,True
S079,SK048,100.0,True
S079,SK049,,False
S079,SK050,66.7,True
S079,SK051,33.3,True
S079,SK052,,False
S079,SK053,66.7,True
S079,SK054,,False
S079,SK055,66.7,True
S079,SK056,66.7,True
S079,SK057,,False
S079,SK058,0.0,True
S079,SK059,66.7,True
S079,SK060,,False
S079,SK061,,False
S079,SK062,,False
S079,SK063,66.7,True
S079,SK064,,False
S079,SK065,,False
S079,SK066,,False
S079,SK067,,False
S079,SK068,,False
S079,SK069,66.7,True
S079,SK070,100.0,True
S079,SK071,,False
S079,SK072,66.7,True
S080,SK001,,False
S080,SK002,,False
S080,SK003,,False
S080,SK004,,False
S080,SK005,,False
S080,SK006,,False
S080,SK007,,False
S080,SK008,100.0,True
S080,SK009,,False
S080,SK010,100.0,True
S080,SK011,33.3,True
S080,SK012,,False
S080,SK013,,False
S080,SK014,,False
S080,SK015,,False
S080,SK016,33.3,True
S080,SK017,,False
S080,SK018,,False
S080,SK019,,False
S080,SK020,0.0,True
S080,SK021,,False
S080,SK022,33.3,True
S080,SK023,33.3,True
S080,SK024,,False
S080,SK025,,False
S080,SK026,,False
S080,SK027,33.3,True
S080,SK028,100.0,True
S080,SK029,66.7,True
S080,SK030,,False
S080,SK031,,False
S080,SK032,66.7,True
S080,SK033,66.7,True
S080,SK034,66.7,True
S080,SK035,66.7,True
S080,SK036,,False
S080,SK037,,False
S080,SK038,66.7,True
S080,SK039,66.7,True
S080,SK040,,False
S080,SK041,66.7,True
S080,SK042,66.7,True
S080,SK043,0.0,True
S080,SK044,66.7,True
S080,SK045,66.7,True
S080,SK046,66.7,True
S080,SK047,66.7,True
S080,SK048,100.0,True
S080,SK049,66.7,True
S080,SK050,100.0,True
S080,SK051,,False
S080,SK052,,False
S080,SK053,66.7,True
S080,SK054,33.3,True
S080,SK055,66.7,True
S080,SK056,66.7,True
S080,SK057,,False
S080,SK058,33.3,True
S080,SK059,,False
S080,SK060,33.3,True
S080,SK061,66.7,True
S080,SK062,100.0,True
S080,SK063,,False
S080,SK064,,False
S080,SK065,66.7,True
S080,SK066,66.7,True
S080,SK067,33.3,True
S080,SK068,,False
S080,SK069,66.7,True
S080,SK070,66.7,True
S080,SK071,66.7,True
S080,SK072,66.7,True
S081,SK001,100.0,True
S081,SK002,,False
S081,SK003,,False
S081,SK004,66.7,True
S081,SK005,,False
S081,SK006,100.0,True
S081,SK007,100.0,True
S081,SK008,66.7,True
S081,SK009,66.7,True
S081,SK010,66.7,True
S081,SK011,100.0,True
S081,SK012,,False
S081,SK013,66.7,True
S081,SK014,,False
S081,SK015,33.3,True
S081,SK016,100.0,True
S081,SK017,66.7,True
S081,SK018,66.7,True
S081,SK019,66.7,True
S081,SK020,100.0,True
S081,SK021,66.7,True
S081,SK022,,False
S081,SK023,,False
S081,SK024,66.7,True
S081,SK025,100.0,True
S081,SK026,,False
S081,SK027,,False
S081,SK028,66.7,True
S081,SK029,66.7,True
S081,SK030,,False
S081,SK031,100.0,True
S081,SK032,,False
S081,SK033,100.0,True
S081,SK034,,False
S081,SK035,,False
S081,SK036,66.7,True
S081,SK037,,False
S081,SK038,,False
S081,SK039,66.7,True
S081,SK040,66.7,True
S081,SK041,,False
S081,SK042,,False
S081,SK043,,False
S081,SK044,66.7,True
S081,SK045,,False
S081,SK046,,False
S081,SK047,,False
S081,SK048,,False
S081,SK049,,False
S081,SK050,66.7,True
S081,SK051,33.3,True
S081,SK052,66.7,True
S081,SK053,66.7,True
S081,SK054,100.0,True
S081,SK055,,False
S081,SK056,,False
S081,SK057,100.0,True
S081,SK058,100.0,True
S081,SK059,100.0,True
S081,SK060,66.7,True
S081,SK061,,False
S081,SK062,33.3,True
S081,SK063,,False
S081,SK064,,False
S081,SK065,33.3,True
S081,SK066,66.7,True
S081,SK067,,False
S081,SK068,100.0,True
S081,SK069,,False
S081,SK070,66.7,True
S081,SK071,100.0,True
S081,SK072,100.0,True
S082,SK001,100.0,True
S082,SK002,66.7,True
S082,SK003,,False
S082,SK004,33.3,True
S082,SK005,0.0,True
S082,SK006,100.0,True
S082,SK007,33.3,True
S082,SK008,66.7,True
S082,SK009,,False
S082,SK010,,False
S082,SK011,100.0,True
S082,SK012,100.0,True
S082,SK013,,False
S082,SK014,,False
S082,SK015,100.0,True
S082,SK016,66.7,True
S082,SK017,100.0,True
S082,SK018,,False
S082,SK019,100.0,True
S082,SK020,,False
S082,SK021,66.7,True
S082,SK022,,False
S082,SK023,66.7,True
S082,SK024,100.0,True
S082,SK025,100.0,True
S082,SK026,,False
S082,SK027,,False
S082,SK028,,False
S082,SK029,100.0,True
S082,SK030,66.7,True
S082,SK031,,False
S082,SK032,66.7,True
S082,SK033,66.7,True
S082,SK034,,False
S082,SK035,,False
S082,SK036,,False
S082,SK037,100.0,True
S082,SK038,66.7,True
S082,SK039,,False
S082,SK040,,False
S082,SK041,,False
S082,SK042,,False
S082,SK043,100.0,True
S082,SK044,33.3,True
S082,SK045,100.0,True
S082,SK046,,False
S082,SK047,100.0,True
S082,SK048,66.7,True
S082,SK049,,False
S082,SK050,,False
S082,SK051,66.7,True
S082,SK052,,False
S082,SK053,33.3,True
S082,SK054,100.0,True
S082,SK055,,False
S082,SK056,66.7,True
S082,SK057,33.3,True
S082,SK058,33.3,True
S082,SK059,66.7,True
S082,SK060,,False
S082,SK061,,False
S082,SK062,,False
S082,SK063,,False
S082,SK064,100.0,True
S082,SK065,66.7,True
S082,SK066,66.7,True
S082,SK067,66.7,True
S082,SK068,,False
S082,SK069,66.7,True
S082,SK070,,False
S082,SK071,66.7,True
S082,SK072,,False
S083,SK001,,False
S083,SK002,33.3,True
S083,SK003,66.7,True
S083,SK004,0.0,True
S083,SK005,100.0,True
S083,SK006,33.3,True
S083,SK007,,False
S083,SK008,,False
S083,SK009,,False
S083,SK010,,False
S083,SK011,,False
S083,SK012,66.7,True
S083,SK013,,False
S083,SK014,66.7,True
S083,SK015,66.7,True
S083,SK016,33.3,True
S083,SK017,66.7,True
S083,SK018,66.7,True
S083,SK019,33.3,True
S083,SK020,66.7,True
S083,SK021,66.7,True
S083,SK022,100.0,True
S083,SK023,,False
S083,SK024,100.0,True
S083,SK025,,False
S083,SK026,,False
S083,SK027,,False
S083,SK028,66.7,True
S083,SK029,100.0,True
S083,SK030,,False
S083,SK031,100.0,True
S083,SK032,66.7,True
S083,SK033,,False
S083,SK034,,False
S083,SK035,100.0,True
S083,SK036,66.7,True
S083,SK037,66.7,True
S083,SK038,66.7,True
S083,SK039,66.7,True
S083,SK040,100.0,True
S083,SK041,,False
S083,SK042,100.0,True
S083,SK043,,False
S083,SK044,66.7,True
S083,SK045,66.7,True
S083,SK046,100.0,True
S083,SK047,100.0,True
S083,SK048,,False
S083,SK049,66.7,True
S083,SK050,33.3,True
S083,SK051,100.0,True
S083,SK052,100.0,True
S083,SK053,,False
S083,SK054,,False
S083,SK055,33.3,True
S083,SK056,,False
S083,SK057,,False
S083,SK058,100.0,True
S083,SK059,,False
S083,SK060,100.0,True
S083,SK061,,False
S083,SK062,,False
S083,SK063,,False
S083,SK064,,False
S083,SK065,,False
S083,SK066,100.0,True
S083,SK067,66.7,True
S083,SK068,,False
S083,SK069,,False
S083,SK070,,False
S083,SK071,,False
S083,SK072,66.7,True
S084,SK001,33.3,True
S084,SK002,,False
S084,SK003,66.7,True
S084,SK004,100.0,True
S084,SK005,66.7,True
S084,SK006,66.7,True
S084,SK007,66.7,True
S084,SK008,,False
S084,SK009,33.3,True
S084,SK010,66.7,True
S084,SK011,,False
S084,SK012,,False
S084,SK013,,False
S084,SK014,33.3,True
S084,SK015,,False
S084,SK016,100.0,True
S084,SK017,66.7,True
S084,SK018,33.3,True
S084,SK019,,False
S084,SK020,66.7,True
S084,SK021,100.0,True
S084,SK022,,False
S084,SK023,,False
S084,SK024,,False
S084,SK025,66.7,True
S084,SK026,33.3,True
S084,SK027,100.0,True
S084,SK028,66.7,True
S084,SK029,,False
S084,SK030,,False
S084,SK031,,False
S084,SK032,,False
S084,SK033,,False
S084,SK034,,False
S084,SK035,100.0,True
S084,SK036,100.0,True
S084,SK037,33.3,True
S084,SK038,100.0,True
S084,SK039,,False
S084,SK040,,False
S084,SK041,66.7,True
S084,SK042,66.7,True
S084,SK043,,False
S084,SK044,66.7,True
S084,SK045,33.3,True
S084,SK046,,False
S084,SK047,66.7,True
S084,SK048,100.0,True
S084,SK049,,False
S084,SK050,,False
S084,SK051,,False
S084,SK052,100.0,True
S084,SK053,66.7,True
S084,SK054,33.3,True
S084,SK055,,False
S084,SK056,100.0,True
S084,SK057,,False
S084,SK058,,False
S084,SK059,100.0,True
S084,SK060,,False
S084,SK061,100.0,True
S084,SK062,100.0,True
S084,SK063,,False
S084,SK064,100.0,True
S084,SK065,66.7,True
S084,SK066,66.7,True
S084,SK067,33.3,True
S084,SK068,100.0,True
S084,SK069,,False
S084,SK070,,False
S084,SK071,66.7,True
S084,SK072,100.0,True
S085,SK001,,False
S085,SK002,,False
S085,SK003,,False
S085,SK004,66.7,True
S085,SK005,,False
S085,SK006,,False
S085,SK007,33.3,True
S085,SK008,,False
S085,SK009,100.0,True
S085,SK010,,False
S085,SK011,100.0,True
S085,SK012,66.7,True
S085,SK013,,False
S085,SK014,100.0,True
S085,SK015,33.3,True
S085,SK016,100.0,True
S085,SK017,66.7,True
S085,SK018,33.3,True
S085,SK019,,False
S085,SK020,66.7,True
S085,SK021,100.0,True
S085,SK022,,False
S085,SK023,33.3,True
S085,SK024,,False
S085,SK025,,False
S085,SK026,,False
S085,SK027,,False
S085,SK028,,False
S085,SK029,,False
S085,SK030,33.3,True
S085,SK031,,False
S085,SK032,,False
S085,SK033,33.3,True
S085,SK034,,False
S085,SK035,33.3,True
S085,SK036,,False
S085,SK037,66.7,True
S085,SK038,100.0,True
S085,SK039,,False
S085,SK040,,False
S085,SK041,,False
S085,SK042,66.7,True
S085,SK043,66.7,True
S085,SK044,66.7,True
S085,SK045,,False
S085,SK046,66.7,True
S085,SK047,66.7,True
S085,SK048,,False
S085,SK049,,False
S085,SK050,66.7,True
S085,SK051,,False
S085,SK052,100.0,True
S085,SK053,66.7,True
S085,SK054,,False
S085,SK055,66.7,True
S085,SK056,100.0,True
S085,SK057,100.0,True
S085,SK058,,False
S085,SK059,100.0,True
S085,SK060,66.7,True
S085,SK061,33.3,True
S085,SK062,,False
S085,SK063,100.0,True
S085,SK064,66.7,True
S085,SK065,66.7,True
S085,SK066,66.7,True
S085,SK067,100.0,True
S085,SK068,,False
S085,SK069,,False
S085,SK070,,False
S085,SK071,100.0,True
S085,SK072,33.3,True
S086,SK001,,False
S086,SK002,0.0,True
S086,SK003,66.7,True
S086,SK004,33.3,True
S086,SK005,66.7,True
S086,SK006,66.7,True
S086,SK007,66.7,True
S086,SK008,66.7,True
S086,SK009,,False
S086,SK010,33.3,True
S086,SK011,100.0,True
S086,SK012,66.7,True
S086,SK013,,False
S086,SK014,,False
S086,SK015,100.0,True
S086,SK016,100.0,True
S086,SK017,,False
S086,SK018,,False
S086,SK019,66.7,True
S086,SK020,33.3,True
S086,SK021,,False
S086,SK022,,False
S086,SK023,66.7,True
S086,SK024,,False
S086,SK025,66.7,True
S086,SK026,0.0,True
S086,SK027,,False
S086,SK028,66.7,True
S086,SK029,33.3,True
S086,SK030,33.3,True
S086,SK031,100.0,True
S086,SK032,,False
S086,SK033,,False
S086,SK034,66.7,True
S086,SK035,,False
S086,SK036,,False
S086,SK037,66.7,True
S086,SK038,33.3,True
S086,SK039,,False
S086,SK040,100.0,True
S086,SK041,100.0,True
S086,SK042,33.3,True
S086,SK043,33.3,True
S086,SK044,,False
S086,SK045,100.0,True
S086,SK046,,False
S086,SK047,,False
S086,SK048,66.7,True
S086,SK049,,False
S086,SK050,,False
S086,SK051,100.0,True
S086,SK052,66.7,True
S086,SK053,66.7,True
S086,SK054,,False
S086,SK055,,False
S086,SK056,,False
S086,SK057,66.7,True
S086,SK058,33.3,True
S086,SK059,66.7,True
S086,SK060,,False
S086,SK061,,False
S086,SK062,,False
S086,SK063,,False
S086,SK064,,False
S086,SK065,33.3,True
S086,SK066,100.0,True
S086,SK067,,False
S086,SK068,100.0,True
S086,SK069,33.3,True
S086,SK070,,False
S086,SK071,100.0,True
S086,SK072,,False
S087,SK001,66.7,True
S087,SK002,,False
S087,SK003,,False
S087,SK004,66.7,True
S087,SK005,,False
S087,SK006,66.7,True
S087,SK007,,False
S087,SK008,66.7,True
S087,SK009,33.3,True
S087,SK010,100.0,True
S087,SK011,66.7,True
S087,SK012,66.7,True
S087,SK013,100.0,True
S087,SK014,100.0,True
S087,SK015,,False
S087,SK016,100.0,True
S087,SK017,100.0,True
S087,SK018,66.7,True
S087,SK019,100.0,True
S087,SK020,,False
S087,SK021,66.7,True
S087,SK022,,False
S087,SK023,,False
S087,SK024,,False
S087,SK025,66.7,True
S087,SK026,,False
S087,SK027,,False
S087,SK028,,False
S087,SK029,33.3,True
S087,SK030,,False
S087,SK031,0.0,True
S087,SK032,,False
S087,SK033,66.7,True
S087,SK034,,False
S087,SK035,100.0,True
S087,SK036,,False
S087,SK037,,False
S087,SK038,,False
S087,SK039,100.0,True
S087,SK040,,False
S087,SK041,,False
S087,SK042,100.0,True
S087,SK043,66.7,True
S087,SK044,100.0,True
S087,SK045,66.7,True
S087,SK046,100.0,True
S087,SK047,100.0,True
S087,SK048,,False
S087,SK049,,False
S087,SK050,,False
S087,SK051,66.7,True
S087,SK052,,False
S087,SK053,100.0,True
S087,SK054,,False
S087,SK055,66.7,True
S087,SK056,100.0,True
S087,SK057,33.3,True
S087,SK058,,False
S087,SK059,100.0,True
S087,SK060,100.0,True
S087,SK061,,False
S087,SK062,100.0,True
S087,SK063,,False
S087,SK064,,False
S087,SK065,33.3,True
S087,SK066,100.0,True
S087,SK067,,False
S087,SK068,33.3,True
S087,SK069,100.0,True
S087,SK070,100.0,True
S087,SK071,66.7,True
S087,SK072,66.7,True
S088,SK001,,False
S088,SK002,100.0,True
S088,SK003,,False
S088,SK004,,False
S088,SK005,,False
S088,SK006,33.3,True
S088,SK007,100.0,True
S088,SK008,,False
S088,SK009,,False
S088,SK010,,False
S088,SK011,,False
S088,SK012,66.7,True
S088,SK013,33.3,True
S088,SK014,100.0,True
S088,SK015,100.0,True
S088,SK016,33.3,True
S088,SK017,,False
S088,SK018,,False
S088,SK019,,False
S088,SK020,100.0,True
S088,SK021,100.0,True
S088,SK022,66.7,True
S088,SK023,33.3,True
S088,SK024,66.7,True
S088,SK025,,False
S088,SK026,33.3,True
S088,SK027,,False
S088,SK028,,False
S088,SK029,100.0,True
S088,SK030,,False
S088,SK031,,False
S088,SK032,66.7,True
S088,SK033,,False
S088,SK034,100.0,True
S088,SK035,66.7,True
S088,SK036,66.7,True
S088,SK037,,False
S088,SK038,66.7,True
S088,SK039,,False
S088,SK040,66.7,True
S088,SK041,,False
S088,SK042,,False
S088,SK043,,False
S088,SK044,,False
S088,SK045,100.0,True
S088,SK046,66.7,True
S088,SK047,66.7,True
S088,SK048,66.7,True
S088,SK049,,False
S088,SK050,66.7,True
S088,SK051,33.3,True
S088,SK052,100.0,True
S088,SK053,,False
S088,SK054,,False
S088,SK055,,False
S088,SK056,,False
S088,SK057,100.0,True
S088,SK058,66.7,True
S088,SK059,66.7,True
S088,SK060,,False
S088,SK061,,False
S088,SK062,100.0,True
S088,SK063,100.0,True
S088,SK064,100.0,True
S088,SK065,,False
S088,SK066,66.7,True
S088,SK067,,False
S088,SK068,,False
S088,SK069,100.0,True
S088,SK070,,False
S088,SK071,66.7,True
S088,SK072,66.7,True
S089,SK001,100.0,True
S089,SK002,100.0,True
S089,SK003,33.3,True
S089,SK004,66.7,True
S089,SK005,66.7,True
S089,SK006,33.3,True
S089,SK007,100.0,True
S089,SK008,100.0,True
S089,SK009,,False
S089,SK010,33.3,True
S089,SK011,100.0,True
S089,SK012,100.0,True
S089,SK013,66.7,True
S089,SK014,100.0,True
S089,SK015,33.3,True
S089,SK016,66.7,True
S089,SK017,100.0,True
S089,SK018,,False
S089,SK019,,False
S089,SK020,33.3,True
S089,SK021,,False
S089,SK022,,False
S089,SK023,66.7,True
S089,SK024,,False
S089,SK025,66.7,True
S089,SK026,,False
S089,SK027,,False
S089,SK028,66.7,True
S089,SK029,100.0,True
S089,SK030,,False
S089,SK031,66.7,True
S089,SK032,,False
S089,SK033,,False
S089,SK034,,False
S089,SK035,,False
S089,SK036,100.0,True
S089,SK037,100.0,True
S089,SK038,,False
S089,SK039,,False
S089,SK040,66.7,True
S089,SK041,,False
S089,SK042,66.7,True
S089,SK043,,False
S089,SK044,,False
S089,SK045,66.7,True
S089,SK046,33.3,True
S089,SK047,,False
S089,SK048,66.7,True
S089,SK049,,False
S089,SK050,100.0,True
S089,SK051,100.0,True
S089,SK052,100.0,True
S089,SK053,,False
S089,SK054,100.0,True
S089,SK055,33.3,True
S089,SK056,100.0,True
S089,SK057,,False
S089,SK058,100.0,True
S089,SK059,,False
S089,SK060,,False
S089,SK061,,False
S089,SK062,,False
S089,SK063,,False
S089,SK064,66.7,True
S089,SK065,0.0,True
S089,SK066,66.7,True
S089,SK067,100.0,True
S089,SK068,66.7,True
S089,SK069,,False
S089,SK070,66.7,True
S089,SK071,,False
S089,SK072,,False
S090,SK001,,False
S090,SK002,,False
S090,SK003,100.0,True
S090,SK004,66.7,True
S090,SK005,,False
S090,SK006,,False
S090,SK007,,False
S090,SK008,,False
S090,SK009,33.3,True
S090,SK010,66.7,True
S090,SK011,66.7,True
S090,SK012,,False
S090,SK013,33.3,True
S090,SK014,33.3,True
S090,SK015,,False
S090,SK016,,False
S090,SK017,,False
S090,SK018,,False
S090,SK019,,False
S090,SK020,66.7,True
S090,SK021,66.7,True
S090,SK022,100.0,True
S090,SK023,,False
S090,SK024,,False
S090,SK025,100.0,True
S090,SK026,,False
S090,SK027,,False
S090,SK028,66.7,True
S090,SK029,,False
S090,SK030,100.0,True
S090,SK031,100.0,True
S090,SK032,100.0,True
S090,SK033,100.0,True
S090,SK034,100.0,True
S090,SK035,,False
S090,SK036,33.3,True
S090,SK037,66.7,True
S090,SK038,100.0,True
S090,SK039,,False
S090,SK040,,False
S090,SK041,0.0,True
S090,SK042,33.3,True
S090,SK043,66.7,True
S090,SK044,,False
S090,SK045,,False
S090,SK046,66.7,True
S090,SK047,100.0,True
S090,SK048,100.0,True
S090,SK049,,False
S090,SK050,100.0,True
S090,SK051,33.3,True
S090,SK052,66.7,True
S090,SK053,100.0,True
S090,SK054,,False
S090,SK055,,False
S090,SK056,,False
S090,SK057,33.3,True
S090,SK058,33.3,True
S090,SK059,,False
S090,SK060,66.7,True
S090,SK061,,False
S090,SK062,,False
S090,SK063,66.7,True
S090,SK064,,False
S090,SK065,100.0,True
S090,SK066,33.3,True
S090,SK067,,False
S090,SK068,66.7,True
S090,SK069,100.0,True
S090,SK070,,False
S090,SK071,,False
S090,SK072,100.0,True
S091,SK001,66.7,True
S091,SK002,66.7,True
S091,SK003,66.7,True
S091,SK004,,False
S091,SK005,,False
S091,SK006,,False
S091,SK007,,False
S091,SK008,,False
S091,SK009,33.3,True
S091,SK010,33.3,True
S091,SK011,,False
S091,SK012,,False
S091,SK013,33.3,True
S091,SK014,66.7,True
S091,SK015,66.7,True
S091,SK016,66.7,True
S091,SK017,,False
S091,SK018,66.7,True
S091,SK019,66.7,True
S091,SK020,66.7,True
S091,SK021,100.0,True
S091,SK022,,False
S091,SK023,,False
S091,SK024,66.7,True
S091,SK025,66.7,True
S091,SK026,,False
S091,SK027,66.7,True
S091,SK028,,False
S091,SK029,33.3,True
S091,SK030,,False
S091,SK031,,False
S091,SK032,,False
S091,SK033,66.7,True
S091,SK034,100.0,True
S091,SK035,,False
S091,SK036,,False
S091,SK037,66.7,True
S091,SK038,,False
S091,SK039,66.7,True
S091,SK040,100.0,True
S091,SK041,,False
S091,SK042,100.0,True
S091,SK043,,False
S091,SK044,,False
S091,SK045,100.0,True
S091,SK046,,False
S091,SK047,33.3,True
S091,SK048,,False
S091,SK049,,False
S091,SK050,,False
S091,SK051,66.7,True
S091,SK052,,False
S091,SK053,100.0,True
S091,SK054,,False
S091,SK055,0.0,True
S091,SK056,100.0,True
S091,SK057,66.7,True
S091,SK058,33.3,True
S091,SK059,100.0,True
S091,SK060,66.7,True
S091,SK061,,False
S091,SK062,100.0,True
S091,SK063,66.7,True
S091,SK064,66.7,True
S091,SK065,100.0,True
S091,SK066,,False
S091,SK067,,False
S091,SK068,66.7,True
S091,SK069,,False
S091,SK070,100.0,True
S091,SK071,33.3,True
S091,SK072,33.3,True
S092,SK001,,False
S092,SK002,33.3,True
S092,SK003,66.7,True
S092,SK004,33.3,True
S092,SK005,66.7,True
S092,SK006,66.7,True
S092,SK007,33.3,True
S092,SK008,100.0,True
S092,SK009,33.3,True
S092,SK010,,False
S092,SK011,66.7,True
S092,SK012,33.3,True
S092,SK013,,False
S092,SK014,100.0,True
S092,SK015,100.0,True
S092,SK016,,False
S092,SK017,66.7,True
S092,SK018,100.0,True
S092,SK019,,False
S092,SK020,,False
S092,SK021,,False
S092,SK022,,False
S092,SK023,66.7,True
S092,SK024,,False
S092,SK025,100.0,True
S092,SK026,100.0,True
S092,SK027,,False
S092,SK028,33.3,True
S092,SK029,100.0,True
S092,SK030,66.7,True
S092,SK031,33.3,True
S092,SK032,,False
S092,SK033,,False
S092,SK034,66.7,True
S092,SK035,66.7,True
S092,SK036,,False
S092,SK037,66.7,True
S092,SK038,66.7,True
S092,SK039,100.0,True
S092,SK040,66.7,True
S092,SK041,,False
S092,SK042,,False
S092,SK043,33.3,True
S092,SK044,66.7,True
S092,SK045,,False
S092,SK046,66.7,True
S092,SK047,,False
S092,SK048,,False
S092,SK049,,False
S092,SK050,100.0,True
S092,SK051,100.0,True
S092,SK052,,False
S092,SK053,,False
S092,SK054,66.7,True
S092,SK055,66.7,True
S092,SK056,33.3,True
S092,SK057,,False
S092,SK058,,False
S092,SK059,100.0,True
S092,SK060,66.7,True
S092,SK061,100.0,True
S092,SK062,,False
S092,SK063,,False
S092,SK064,33.3,True
S092,SK065,66.7,True
S092,SK066,,False
S092,SK067,,False
S092,SK068,66.7,True
S092,SK069,,False
S092,SK070,100.0,True
S092,SK071,,False
S092,SK072,,False
S093,SK001,,False
S093,SK002,33.3,True
S093,SK003,33.3,True
S093,SK004,,False
S093,SK005,0.0,True
S093,SK006,66.7,True
S093,SK007,,False
S093,SK008,,False
S093,SK009,66.7,True
S093,SK010,66.7,True
S093,SK011,33.3,True
S093,SK012,33.3,True
S093,SK013,66.7,True
S093,SK014,,False
S093,SK015,33.3,True
S093,SK016,66.7,True
S093,SK017,66.7,True
S093,SK018,33.3,True
S093,SK019,,False
S093,SK020,66.7,True
S093,SK021,,False
S093,SK022,33.3,True
S093,SK023,100.0,True
S093,SK024,33.3,True
S093,SK025,,False
S093,SK026,,False
S093,SK027,66.7,True
S093,SK028,,False
S093,SK029,33.3,True
S093,SK030,,False
S093,SK031,,False
S093,SK032,,False
S093,SK033,100.0,True
S093,SK034,66.7,True
S093,SK035,,False
S093,SK036,33.3,True
S093,SK037,100.0,True
S093,SK038,33.3,True
S093,SK039,,False
S093,SK040,66.7,True
S093,SK041,,False
S093,SK042,33.3,True
S093,SK043,66.7,True
S093,SK044,,False
S093,SK045,100.0,True
S093,SK046,66.7,True
S093,SK047,,False
S093,SK048,100.0,True
S093,SK049,33.3,True
S093,SK050,,False
S093,SK051,66.7,True
S093,SK052,,False
S093,SK053,,False
S093,SK054,33.3,True
S093,SK055,33.3,True
S093,SK056,66.7,True
S093,SK057,66.7,True
S093,SK058,66.7,True
S093,SK059,,False
S093,SK060,,False
S093,SK061,,False
S093,SK062,66.7,True
S093,SK063,,False
S093,SK064,33.3,True
S093,SK065,66.7,True
S093,SK066,100.0,True
S093,SK067,,False
S093,SK068,,False
S093,SK069,,False
S093,SK070,,False
S093,SK071,66.7,True
S093,SK072,,False
S094,SK001,66.7,True
S094,SK002,100.0,True
S094,SK003,,False
S094,SK004,0.0,True
S094,SK005,100.0,True
S094,SK006,66.7,True
S094,SK007,,False
S094,SK008,100.0,True
S094,SK009,,False
S094,SK010,,False
S094,SK011,66.7,True
S094,SK012,33.3,True
S094,SK013,,False
S094,SK014,66.7,True
S094,SK015,66.7,True
S094,SK016,,False
S094,SK017,,False
S094,SK018,,False
S094,SK019,,False
S094,SK020,,False
S094,SK021,,False
S094,SK022,100.0,True
S094,SK023,,False
S094,SK024,0.0,True
S094,SK025,66.7,True
S094,SK026,,False
S094,SK027,100.0,True
S094,SK028,,False
S094,SK029,66.7,True
S094,SK030,66.7,True
S094,SK031,,False
S094,SK032,100.0,True
S094,SK033,66.7,True
S094,SK034,,False
S094,SK035,,False
S094,SK036,0.0,True
S094,SK037,,False
S094,SK038,100.0,True
S094,SK039,33.3,True
S094,SK040,,False
S094,SK041,66.7,True
S094,SK042,66.7,True
S094,SK043,66.7,True
S094,SK044,,False
S094,SK045,,False
S094,SK046,100.0,True
S094,SK047,100.0,True
S094,SK048,0.0,True
S094,SK049,,False
S094,SK050,,False
S094,SK051,100.0,True
S094,SK052,100.0,True
S094,SK053,66.7,True
S094,SK054,100.0,True
S094,SK055,100.0,True
S094,SK056,,False
S094,SK057,,False
S094,SK058,,False
S094,SK059,66.7,True
S094,SK060,66.7,True
S094,SK061,66.7,True
S094,SK062,66.7,True
S094,SK063,,False
S094,SK064,,False
S094,SK065,100.0,True
S094,SK066,66.7,True
S094,SK067,,False
S094,SK068,33.3,True
S094,SK069,,False
S094,SK070,66.7,True
S094,SK071,,False
S094,SK072,,False
S095,SK001,66.7,True
S095,SK002,33.3,True
S095,SK003,66.7,True
S095,SK004,66.7,True
S095,SK005,33.3,True
S095,SK006,33.3,True
S095,SK007,,False
S095,SK008,,False
S095,SK009,100.0,True
S095,SK010,,False
S095,SK011,,False
S095,SK012,33.3,True
S095,SK013,66.7,True
S095,SK014,,False
S095,SK015,100.0,True
S095,SK016,,False
S095,SK017,33.3,True
S095,SK018,,False
S095,SK019,100.0,True
S095,SK020,66.7,True
S095,SK021,,False
S095,SK022,,False
S095,SK023,,False
S095,SK024,100.0,True
S095,SK025,100.0,True
S095,SK026,,False
S095,SK027,66.7,True
S095,SK028,,False
S095,SK029,66.7,True
S095,SK030,,False
S095,SK031,,False
S095,SK032,66.7,True
S095,SK033,,False
S095,SK034,66.7,True
S095,SK035,,False
S095,SK036,100.0,True
S095,SK037,,False
S095,SK038,,False
S095,SK039,66.7,True
S095,SK040,,False
S095,SK041,,False
S095,SK042,33.3,True
S095,SK043,66.7,True
S095,SK044,,False
S095,SK045,,False
S095,SK046,33.3,True
S095,SK047,,False
S095,SK048,66.7,True
S095,SK049,,False
S095,SK050,33.3,True
S095,SK051,,False
S095,SK052,66.7,True
S095,SK053,66.7,True
S095,SK054,,False
S095,SK055,100.0,True
S095,SK056,,False
S095,SK057,66.7,True
S095,SK058,,False
S095,SK059,66.7,True
S095,SK060,66.7,True
S095,SK061,66.7,True
S095,SK062,66.7,True
S095,SK063,66.7,True
S095,SK064,66.7,True
S095,SK065,,False
S095,SK066,33.3,True
S095,SK067,,False
S095,SK068,66.7,True
S095,SK069,100.0,True
S095,SK070,66.7,True
S095,SK071,,False
S095,SK072,66.7,True
S096,SK001,,False
S096,SK002,66.7,True
S096,SK003,,False
S096,SK004,,False
S096,SK005,66.7,True
S096,SK006,,False
S096,SK007,100.0,True
S096,SK008,100.0,True
S096,SK009,,False
S096,SK010,66.7,True
S096,SK011,100.0,True
S096,SK012,,False
S096,SK013,66.7,True
S096,SK014,,False
S096,SK015,100.0,True
S096,SK016,100.0,True
S096,SK017,66.7,True
S096,SK018,,False
S096,SK019,100.0,True
S096,SK020,,False
S096,SK021,66.7,True
S096,SK022,100.0,True
S096,SK023,100.0,True
S096,SK024,100.0,True
S096,SK025,100.0,True
S096,SK026,,False
S096,SK027,100.0,True
S096,SK028,66.7,True
S096,SK029,66.7,True
S096,SK030,66.7,True
S096,SK031,,False
S096,SK032,,False
S096,SK033,100.0,True
S096,SK034,,False
S096,SK035,,False
S096,SK036,66.7,True
S096,SK037,66.7,True
S096,SK038,100.0,True
S096,SK039,100.0,True
S096,SK040,,False
S096,SK041,33.3,True
S096,SK042,,False
S096,SK043,,False
S096,SK044,,False
S096,SK045,,False
S096,SK046,,False
S096,SK047,100.0,True
S096,SK048,100.0,True
S096,SK049,33.3,True
S096,SK050,,False
S096,SK051,,False
S096,SK052,,False
S096,SK053,66.7,True
S096,SK054,,False
S096,SK055,,False
S096,SK056,66.7,True
S096,SK057,33.3,True
S096,SK058,,False
S096,SK059,,False
S096,SK060,33.3,True
S096,SK061,100.0,True
S096,SK062,,False
S096,SK063,,False
S096,SK064,0.0,True
S096,SK065,66.7,True
S096,SK066,100.0,True
S096,SK067,100.0,True
S096,SK068,,False
S096,SK069,66.7,True
S096,SK070,100.0,True
S096,SK071,,False
S096,SK072,100.0,True
S097,SK001,66.7,True
S097,SK002,,False
S097,SK003,100.0,True
S097,SK004,,False
S097,SK005,,False
S097,SK006,,False
S097,SK007,,False
S097,SK008,100.0,True
S097,SK009,100.0,True
S097,SK010,66.7,True
S097,SK011,,False
S097,SK012,,False
S097,SK013,100.0,True
S097,SK014,,False
S097,SK015,33.3,True
S097,SK016,,False
S097,SK017,100.0,True
S097,SK018,66.7,True
S097,SK019,66.7,True
S097,SK020,33.3,True
S097,SK021,66.7,True
S097,SK022,66.7,True
S097,SK023,100.0,True
S097,SK024,33.3,True
S097,SK025,66.7,True
S097,SK026,,False
S097,SK027,,False
S097,SK028,,False
S097,SK029,100.0,True
S097,SK030,,False
S097,SK031,,False
S097,SK032,,False
S097,SK033,100.0,True
S097,SK034,100.0,True
S097,SK035,66.7,True
S097,SK036,66.7,True
S097,SK037,,False
S097,SK038,66.7,True
S097,SK039,66.7,True
S097,SK040,66.7,True
S097,SK041,66.7,True
S097,SK042,,False
S097,SK043,66.7,True
S097,SK044,100.0,True
S097,SK045,33.3,True
S097,SK046,66.7,True
S097,SK047,66.7,True
S097,SK048,,False
S097,SK049,,False
S097,SK050,,False
S097,SK051,,False
S097,SK052,,False
S097,SK053,,False
S097,SK054,100.0,True
S097,SK055,,False
S097,SK056,100.0,True
S097,SK057,66.7,True
S097,SK058,,False
S097,SK059,66.7,True
S097,SK060,100.0,True
S097,SK061,,False
S097,SK062,,False
S097,SK063,66.7,True
S097,SK064,66.7,True
S097,SK065,66.7,True
S097,SK066,66.7,True
S097,SK067,,False
S097,SK068,,False
S097,SK069,,False
S097,SK070,,False
S097,SK071,100.0,True
S097,SK072,33.3,True
S098,SK001,66.7,True
S098,SK002,,False
S098,SK003,,False
S098,SK004,66.7,True
S098,SK005,66.7,True
S098,SK006,,False
S098,SK007,66.7,True
S098,SK008,,False
S098,SK009,,False
S098,SK010,100.0,True
S098,SK011,,False
S098,SK012,,False
S098,SK013,,False
S098,SK014,100.0,True
S098,SK015,100.0,True
S098,SK016,,False
S098,SK017,33.3,True
S098,SK018,,False
S098,SK019,100.0,True
S098,SK020,100.0,True
S098,SK021,66.7,True
S098,SK022,100.0,True
S098,SK023,66.7,True
S098,SK024,,False
S098,SK025,100.0,True
S098,SK026,,False
S098,SK027,66.7,True
S098,SK028,,False
S098,SK029,100.0,True
S098,SK030,100.0,True
S098,SK031,100.0,True
S098,SK032,33.3,True
S098,SK033,66.7,True
S098,SK034,66.7,True
S098,SK035,,False
S098,SK036,33.3,True
S098,SK037,100.0,True
S098,SK038,66.7,True
S098,SK039,,False
S098,SK040,,False
S098,SK041,,False
S098,SK042,,False
S098,SK043,100.0,True
S098,SK044,100.0,True
S098,SK045,,False
S098,SK046,,False
S098,SK047,,False
S098,SK048,66.7,True
S098,SK049,,False
S098,SK050,,False
S098,SK051,66.7,True
S098,SK052,66.7,True
S098,SK053,,False
S098,SK054,,False
S098,SK055,66.7,True
S098,SK056,,False
S098,SK057,66.7,True
S098,SK058,,False
S098,SK059,,False
S098,SK060,,False
S098,SK061,,False
S098,SK062,100.0,True
S098,SK063,,False
S098,SK064,33.3,True
S098,SK065,66.7,True
S098,SK066,100.0,True
S098,SK067,,False
S098,SK068,,False
S098,SK069,,False
S098,SK070,100.0,True
S098,SK071,66.7,True
S098,SK072,66.7,True
S099,SK001,33.3,True
S099,SK002,66.7,True
S099,SK003,,False
S099,SK004,,False
S099,SK005,,False
S099,SK006,66.7,True
S099,SK007,66.7,True
S099,SK008,,False
S099,SK009,66.7,True
S099,SK010,66.7,True
S099,SK011,,False
S099,SK012,33.3,True
S099,SK013,66.7,True
S099,SK014,,False
S099,SK015,33.3,True
S099,SK016,33.3,True
S099,SK017,33.3,True
S099,SK018,,False
S099,SK019,,False
S099,SK020,,False
S099,SK021,,False
S099,SK022,,False
S099,SK023,66.7,True
S099,SK024,,False
S099,SK025,,False
S099,SK026,33.3,True
S099,SK027,,False
S099,SK028,33.3,True
S099,SK029,,False
S099,SK030,33.3,True
S099,SK031,100.0,True
S099,SK032,66.7,True
S099,SK033,100.0,True
S099,SK034,100.0,True
S099,SK035,66.7,True
S099,SK036,66.7,True
S099,SK037,33.3,True
S099,SK038,,False
S099,SK039,100.0,True
S099,SK040,66.7,True
S099,SK041,,False
S099,SK042,,False
S099,SK043,,False
S099,SK044,66.7,True
S099,SK045,,False
S099,SK046,,False
S099,SK047,100.0,True
S099,SK048,,False
S099,SK049,33.3,True
S099,SK050,,False
S099,SK051,66.7,True
S099,SK052,66.7,True
S099,SK053,33.3,True
S099,SK054,,False
S099,SK055,66.7,True
S099,SK056,,False
S099,SK057,66.7,True
S099,SK058,,False
S099,SK059,,False
S099,SK060,66.7,True
S099,SK061,,False
S099,SK062,,False
S099,SK063,100.0,True
S099,SK064,66.7,True
S099,SK065,66.7,True
S099,SK066,66.7,True
S099,SK067,,False
S099,SK068,33.3,True
S099,SK069,,False
S099,SK070,66.7,True
S099,SK071,66.7,True
S099,SK072,,False
S100,SK001,,False
S100,SK002,66.7,True
S100,SK003,66.7,True
S100,SK004,66.7,True
S100,SK005,,False
S100,SK006,33.3,True
S100,SK007,66.7,True
S100,SK008,,False
S100,SK009,,False
S100,SK010,66.7,True
S100,SK011,,False
S100,SK012,100.0,True
S100,SK013,,False
S100,SK014,,False
S100,SK015,100.0,True
S100,SK016,,False
S100,SK017,100.0,True
S100,SK018,100.0,True
S100,SK019,,False
S100,SK020,,False
S100,SK021,,False
S100,SK022,,False
S100,SK023,,False
S100,SK024,100.0,True
S100,SK025,,False
S100,SK026,66.7,True
S100,SK027,,False
S100,SK028,66.7,True
S100,SK029,,False
S100,SK030,100.0,True
S100,SK031,100.0,True
S100,SK032,100.0,True
S100,SK033,100.0,True
S100,SK034,66.7,True
S100,SK035,100.0,True
S100,SK036,,False
S100,SK037,66.7,True
S100,SK038,,False
S100,SK039,,False
S100,SK040,66.7,True
S100,SK041,100.0,True
S100,SK042,,False
S100,SK043,33.3,True
S100,SK044,33.3,True
S100,SK045,,False
S100,SK046,100.0,True
S100,SK047,,False
S100,SK048,100.0,True
S100,SK049,66.7,True
S100,SK050,66.7,True
S100,SK051,100.0,True
S100,SK052,,False
S100,SK053,0.0,True
S100,SK054,33.3,True
S100,SK055,100.0,True
S100,SK056,,False
S100,SK057,66.7,True
S100,SK058,66.7,True
S100,SK059,100.0,True
S100,SK060,,False
S100,SK061,,False
S100,SK062,,False
S100,SK063,33.3,True
S100,SK064,100.0,True
S100,SK065,100.0,True
S100,SK066,33.3,True
S100,SK067,,False
S100,SK068,,False
S100,SK069,100.0,True
S100,SK070,,False
S100,SK071,33.3,True
S100,SK072,,False
